OUTPUT FROM: poly3d_omp, version 3.0
   COMPILED: Jan 19 2026

 INPUT FILE: 800elts.in
     TITLE1: Converted from 800elts.ts by ts2in.pl
     TITLE2: Wed Dec 24 00:00:41 2014

ELASTIC CONSTANTS:
    Shear Modulus   = 30000.000000
    Poisson's Ratio = 0.250000
    Young's Modulus = 75000.000000
    Bulk Modulus    = 50000.000000
    Lame's Lambda   = 30000.000000

NULL OUPUT VALUE = -999.000000

COEF EXCLUSION VALUE = 0.000000

CONDITION NUMBER = 88.376662


====================================================
              OBJECT: str090Dip45
ELT CENTER COORD SYS: global
====================================================

DISPLACEMENTS:

   ELT                X1C                X2C                X3C                 B1              U1(+)              U1(-)                 B2              U2(+)              U2(-)                 B3              U3(+)              U3(-) Coord Sys
------ ------------------ ------------------ ------------------ ------------------ ------------------ ------------------ ------------------ ------------------ ------------------ ------------------ ------------------ ------------------ ---------
     1        166.6666667       -117.8511302       -117.8511302  -3.4761620275e-04  -1.7842326392e-04   1.6919293884e-04  -1.2808108892e-04  -1.4119935704e-04  -1.3118268116e-05   0.0000000000e+00   5.2256019389e-05   5.2256019389e-05 elocal
     2        333.3333333       -235.7022604       -235.7022604  -4.0493331982e-04  -2.2564167132e-04   1.7929164850e-04  -1.1696161888e-04  -1.3699459972e-04  -2.0032980834e-05   0.0000000000e+00   5.7871893913e-05   5.7871893913e-05 elocal
     3        666.6666667       -117.8511302       -117.8511302  -5.5368402184e-04  -2.9956839953e-04   2.5411562231e-04  -1.6925747322e-04  -1.6416649632e-04   5.0909769030e-06   0.0000000000e+00   7.8735763020e-05   7.8735763020e-05 elocal
     4        833.3333333       -235.7022604       -235.7022604  -5.9361009053e-04  -3.4307978708e-04   2.5053030345e-04  -1.4718152241e-04  -1.5553038427e-04  -8.3488618641e-06   0.0000000000e+00   8.1948865287e-05   8.1948865287e-05 elocal
     5       1166.6666667       -117.8511302       -117.8511302  -6.9340555767e-04  -3.8147861664e-04   3.1192694103e-04  -1.7358772982e-04  -1.6152876486e-04   1.2058964959e-05   0.0000000000e+00   9.5515249790e-05   9.5515249790e-05 elocal
     6       1333.3333333       -235.7022604       -235.7022604  -7.2471430960e-04  -4.2503560387e-04   2.9967870573e-04  -1.5016627762e-04  -1.5323698988e-04  -3.0707122614e-06   0.0000000000e+00   9.9286972403e-05   9.9286972403e-05 elocal
     7       1666.6666667       -117.8511302       -117.8511302  -7.9762836132e-04  -4.4231489174e-04   3.5531346958e-04  -1.6284185932e-04  -1.4837600549e-04   1.4465853831e-05   0.0000000000e+00   1.0780226027e-04   1.0780226027e-04 elocal
     8       1833.3333333       -235.7022604       -235.7022604  -8.2293396868e-04  -4.8638478047e-04   3.3654918822e-04  -1.4051535241e-04  -1.4104339715e-04  -5.2804474431e-07   0.0000000000e+00   1.1237268610e-04   1.1237268610e-04 elocal
     9       2166.6666667       -117.8511302       -117.8511302  -8.7774201139e-04  -4.8884815863e-04   3.8889385276e-04  -1.4467602509e-04  -1.3008509662e-04   1.4590928465e-05   0.0000000000e+00   1.1710208134e-04   1.1710208134e-04 elocal
    10       2333.3333333       -235.7022604       -235.7022604  -8.9837000674e-04  -5.3341409986e-04   3.6495590688e-04  -1.2414434747e-04  -1.2358587535e-04   5.5847212042e-07   0.0000000000e+00   1.2245381802e-04   1.2245381802e-04 elocal
    11       2666.6666667       -117.8511302       -117.8511302  -9.3957079404e-04  -5.2457597185e-04   4.1499482220e-04  -1.2246241248e-04  -1.0903825855e-04   1.3424153927e-05   0.0000000000e+00   1.2415915838e-04   1.2415915838e-04 elocal
    12       2833.3333333       -235.7022604       -235.7022604  -9.5632203668e-04  -5.6946697690e-04   3.8685505978e-04  -1.0391570003e-04  -1.0312916618e-04   7.8653385535e-07   0.0000000000e+00   1.3022131057e-04   1.3022131057e-04 elocal
    13       3166.6666667       -117.8511302       -117.8511302  -9.8653562875e-04  -5.5155944289e-04   4.3497618586e-04  -9.7913339423e-05  -8.6438157881e-05   1.1475181542e-05   0.0000000000e+00   1.2940177038e-04   1.2940177038e-04 elocal
    14       3333.3333333       -235.7022604       -235.7022604  -9.9992895556e-04  -5.9653547697e-04   4.0339347859e-04  -8.1380952003e-05  -8.0896521812e-05   4.8443019182e-07   0.0000000000e+00   1.3608808463e-04   1.3608808463e-04 elocal
    15       3666.6666667       -117.8511302       -117.8511302  -1.0207853848e-03  -5.7109506253e-04   4.4969032232e-04  -7.1985381301e-05  -6.2947669316e-05   9.0377119847e-06   0.0000000000e+00   1.3309494554e-04   1.3309494554e-04 elocal
    16       3833.3333333       -235.7022604       -235.7022604  -1.0311621037e-03  -6.1587462292e-04   4.1528748074e-04  -5.7452608407e-05  -5.7599977458e-05  -1.4736905089e-07   0.0000000000e+00   1.4031248494e-04   1.4031248494e-04 elocal
    17       4166.6666667       -117.8511302       -117.8511302  -1.0436931143e-03  -5.8401205244e-04   4.5968106190e-04  -4.5251554217e-05  -3.8955271598e-05   6.2962826188e-06   0.0000000000e+00   1.3540618455e-04   1.3540618455e-04 elocal
    18       4333.3333333       -235.7022604       -235.7022604  -1.0512678947e-03  -6.2827918470e-04   4.2298871001e-04  -3.2706301856e-05  -3.3681381993e-05  -9.7508013739e-07   0.0000000000e+00   1.4305612280e-04   1.4305612280e-04 elocal
    19       4666.6666667       -117.8511302       -117.8511302  -1.0560979214e-03  -5.9081771135e-04   4.6528021008e-04  -1.8079773120e-05  -1.4702568107e-05   3.3772050132e-06   0.0000000000e+00   1.3643697908e-04   1.3643697908e-04 elocal
    20       4833.3333333       -235.7022604       -235.7022604  -1.0609839176e-03  -6.3421937287e-04   4.2676454475e-04  -7.5364017835e-06  -9.4368258914e-06  -1.9004241080e-06   0.0000000000e+00   1.4441235269e-04   1.4441235269e-04 elocal
    21       5166.6666667       -117.8511302       -117.8511302  -1.0584263271e-03  -5.9177051582e-04   4.6665581123e-04   9.2679094406e-06   9.6447134892e-06   3.7680404857e-07   0.0000000000e+00   1.3623852423e-04   1.3623852423e-04 elocal
    22       5333.3333333       -235.7022604       -235.7022604  -1.0606452031e-03  -6.3390763270e-04   4.2673757044e-04   1.7751296828e-05   1.4909289066e-05  -2.8420077619e-06   0.0000000000e+00   1.4442004216e-04   1.4442004216e-04 elocal
    23       5666.6666667       -117.8511302       -117.8511302  -1.0507460344e-03  -5.8691276295e-04   4.6383327140e-04   3.6569593607e-05   3.3949669000e-05  -2.6199246075e-06   0.0000000000e+00   1.3481880033e-04   1.3481880033e-04 elocal
    24       5833.3333333       -235.7022604       -235.7022604  -1.0502265679e-03  -6.2732518442e-04   4.2290138344e-04   4.2872983212e-05   3.9151193497e-05  -3.7217897148e-06   0.0000000000e+00   1.4306858974e-04   1.4306858974e-04 elocal
    25       6166.6666667       -117.8511302       -117.8511302  -1.0327720637e-03  -5.7607485671e-04   4.5669720698e-04   6.3588853639e-05   5.8065116036e-05  -5.5237376026e-06   0.0000000000e+00   1.3214374167e-04   1.3214374167e-04 elocal
    26       6333.3333333       -235.7022604       -235.7022604  -1.0293368607e-03  -6.1421819645e-04   4.1511866424e-04   6.7505659996e-05   6.3053296127e-05  -4.4523638686e-06   0.0000000000e+00   1.4029615875e-04   1.4029615875e-04 elocal
    27       6666.6666667       -117.8511302       -117.8511302  -1.0038270481e-03  -5.5885252072e-04   4.4497452735e-04   9.0015135956e-05   8.1791186856e-05  -8.2239490995e-06   0.0000000000e+00   1.2813284179e-04   1.2813284179e-04 elocal
    28       6833.3333333       -235.7022604       -235.7022604  -9.9716253348e-04  -5.9406192983e-04   4.0310060365e-04   9.1213555543e-05   8.6292358847e-05  -4.9211966959e-06   0.0000000000e+00   1.3598052113e-04   1.3598052113e-04 elocal
    29       7166.6666667       -117.8511302       -117.8511302  -9.6274029825e-04  -5.3454814343e-04   4.2819215481e-04   1.1538005176e-04   1.0481622673e-04  -1.0563825035e-05   0.0000000000e+00   1.2264739519e-04   1.2264739519e-04 elocal
    30       7333.3333333       -235.7022604       -235.7022604  -9.5233738726e-04  -5.6597828491e-04   3.8635910236e-04   1.1333639093e-04   1.0837045880e-04  -4.9659321304e-06   0.0000000000e+00   1.2991894365e-04   1.2991894365e-04 elocal
    31       7666.6666667       -117.8511302       -117.8511302  -9.0764120266e-04  -5.0205070094e-04   4.0559050172e-04   1.3891378197e-04   1.2661626373e-04  -1.2297518237e-05   0.0000000000e+00   1.1546600132e-04   1.1546600132e-04 elocal
    32       7833.3333333       -235.7022604       -235.7022604  -8.9267562380e-04  -5.2856743652e-04   3.6410818728e-04   1.3278649834e-04   1.2845849013e-04  -4.3280082031e-06   0.0000000000e+00   1.2178801501e-04   1.2178801501e-04 elocal
    33       8166.6666667       -117.8511302       -117.8511302  -8.3553226341e-04  -4.5958877582e-04   3.7594348759e-04   1.5925540038e-04   1.4625413564e-04  -1.3001264739e-05   0.0000000000e+00   1.0623333898e-04   1.0623333898e-04 elocal
    34       8333.3333333       -235.7022604       -235.7022604  -8.1460047424e-04  -4.7954985176e-04   3.3505062247e-04   1.4761992172e-04   1.4506998869e-04  -2.5499330369e-06   0.0000000000e+00   1.1106124829e-04   1.1106124829e-04 elocal
    35       8666.6666667       -117.8511302       -117.8511302  -7.4131085864e-04  -4.0417051567e-04   3.3714034296e-04   1.7376815602e-04   1.6191123039e-04  -1.1856925623e-05   0.0000000000e+00   9.4341502007e-05   9.4341502007e-05 elocal
    36       8833.3333333       -235.7022604       -235.7022604  -7.1174814765e-04  -4.1490250815e-04   2.9684563950e-04   1.5396838948e-04   1.5526916059e-04   1.3007711163e-06   0.0000000000e+00   9.6827137367e-05   9.6827137367e-05 elocal
    37       9166.6666667       -117.8511302       -117.8511302  -6.1501138506e-04  -3.3002767772e-04   2.8498370734e-04   1.7658420745e-04   1.6957727782e-04  -7.0069296329e-06   0.0000000000e+00   7.8581082454e-05   7.8581082454e-05 elocal
    38       9333.3333333       -235.7022604       -235.7022604  -5.7056042930e-04  -3.2617724585e-04   2.4438318345e-04   1.4271742365e-04   1.5231519723e-04   9.5977735818e-06   0.0000000000e+00   7.7317930614e-05   7.7317930614e-05 elocal
    39       9666.6666667       -117.8511302       -117.8511302  -4.3005037695e-04  -2.2204393258e-04   2.0800644437e-04   1.5116377169e-04   1.5808945631e-04   6.9256846202e-06   0.0000000000e+00   5.5467720275e-05   5.5467720275e-05 elocal
    40       9833.3333333       -235.7022604       -235.7022604  -3.4794326024e-04  -1.8755209522e-04   1.6039116503e-04   8.6374692969e-05   1.1736989585e-04   3.0995202880e-05   0.0000000000e+00   4.8709185340e-05   4.8709185340e-05 elocal
    41        166.6666667       -471.4045208       -471.4045208  -3.2835392135e-04  -1.8520811130e-04   1.4314581005e-04  -5.2171647137e-05  -8.4946247558e-05  -3.2774600421e-05   0.0000000000e+00   5.6116555307e-05   5.6116555307e-05 elocal
    42        333.3333333       -589.2556510       -589.2556510  -3.9187096293e-04  -2.2864968047e-04   1.6322128246e-04  -4.9648115471e-05  -7.8739771909e-05  -2.9091656439e-05   0.0000000000e+00   6.0824405090e-05   6.0824405090e-05 elocal
    43        666.6666667       -471.4045208       -471.4045208  -5.4750170954e-04  -3.2449357256e-04   2.2300813698e-04  -8.5046239236e-05  -1.0712540434e-04  -2.2079165106e-05   0.0000000000e+00   8.8185724751e-05   8.8185724751e-05 elocal
    44        833.3333333       -589.2556510       -589.2556510  -5.8735280602e-04  -3.5335555390e-04   2.3399725212e-04  -7.4489659527e-05  -9.4774446625e-05  -2.0284787099e-05   0.0000000000e+00   8.6478728328e-05   8.6478728328e-05 elocal
    45       1166.6666667       -471.4045208       -471.4045208  -6.9448745307e-04  -4.2066549041e-04   2.7382196266e-04  -9.9836119415e-05  -1.1531233969e-04  -1.5476220270e-05   0.0000000000e+00   1.1320332149e-04   1.1320332149e-04 elocal
    46       1333.3333333       -589.2556510       -589.2556510  -7.2424316133e-04  -4.4280948053e-04   2.8143368080e-04  -8.5635375516e-05  -1.0029648436e-04  -1.4661108841e-05   0.0000000000e+00   1.0746980125e-04   1.0746980125e-04 elocal
    47       1666.6666667       -471.4045208       -471.4045208  -8.0242922914e-04  -4.9156944472e-04   3.1085978442e-04  -1.0157999856e-04  -1.1260090608e-04  -1.1020907526e-05   0.0000000000e+00   1.3217022403e-04   1.3217022403e-04 elocal
    48       1833.3333333       -589.2556510       -589.2556510  -8.2602646829e-04  -5.0966122977e-04   3.1636523852e-04  -8.6344437766e-05  -9.7152887858e-05  -1.0808450092e-05   0.0000000000e+00   1.2393430788e-04   1.2393430788e-04 elocal
    49       2166.6666667       -471.4045208       -471.4045208  -8.8449304492e-04  -5.4544091049e-04   3.3905213443e-04  -9.4919209546e-05  -1.0286518230e-04  -7.9459727574e-06   0.0000000000e+00   1.4665415923e-04   1.4665415923e-04 elocal
    50       2333.3333333       -589.2556510       -589.2556510  -9.0356033413e-04  -5.6059970948e-04   3.4296062464e-04  -7.9983559983e-05  -8.8050707126e-05  -8.0671471435e-06   0.0000000000e+00   1.3673810987e-04   1.3673810987e-04 elocal
    51       2666.6666667       -471.4045208       -471.4045208  -9.4735378082e-04  -5.8664472088e-04   3.6070905994e-04  -8.2926297001e-05  -8.8712319548e-05  -5.7860225475e-06   0.0000000000e+00   1.5770714583e-04   1.5770714583e-04 elocal
    52       2833.3333333       -589.2556510       -589.2556510  -9.6272282777e-04  -5.9942382442e-04   3.6329900335e-04  -6.8961241087e-05  -7.5018026535e-05  -6.0567854473e-06   0.0000000000e+00   1.4658762621e-04   1.4658762621e-04 elocal
    53       3166.6666667       -471.4045208       -471.4045208  -9.9484106417e-04  -6.1772461253e-04   3.7711645164e-04  -6.7527198829e-05  -7.1765967396e-05  -4.2387685672e-06   0.0000000000e+00   1.6599659822e-04   1.6599659822e-04 elocal
    54       3333.3333333       -589.2556510       -589.2556510  -1.0069938121e-03  -6.2842621181e-04   3.7856760033e-04  -5.4882145184e-05  -5.9418176649e-05  -4.5360314647e-06   0.0000000000e+00   1.5397739888e-04   1.5397739888e-04 elocal
    55       3666.6666667       -471.4045208       -471.4045208  -1.0293103246e-03  -6.4025577352e-04   3.8905455103e-04  -4.9952752665e-05  -5.3052881754e-05  -3.1001290883e-06   0.0000000000e+00   1.7195168671e-04   1.7195168671e-04 elocal
    56       3833.3333333       -589.2556510       -589.2556510  -1.0385378247e-03  -6.4904573166e-04   3.8949209299e-04  -3.8827407940e-05  -4.2167607331e-05  -3.3401993907e-06   0.0000000000e+00   1.5924110207e-04   1.5924110207e-04 elocal
    57       4166.6666667       -471.4045208       -471.4045208  -1.0522419349e-03  -6.5523204854e-04   3.9700988635e-04  -3.1026680140e-05  -3.3251462620e-05  -2.2247824798e-06   0.0000000000e+00   1.7584820898e-04   1.7584820898e-04 elocal
    58       4333.3333333       -589.2556510       -589.2556510  -1.0587082117e-03  -6.6218598284e-04   3.9652222889e-04  -2.1558130552e-05  -2.3906753579e-05  -2.3486230266e-06   0.0000000000e+00   1.6259552123e-04   1.6259552123e-04 elocal
    59       4666.6666667       -471.4045208       -471.4045208  -1.0645284736e-03  -6.6325450805e-04   4.0127396554e-04  -1.1338601068e-05  -1.2840338116e-05  -1.5017370477e-06   0.0000000000e+00   1.7785474304e-04   1.7785474304e-04 elocal
    60       4833.3333333       -589.2556510       -589.2556510  -1.0682964630e-03  -6.6837613125e-04   3.9992033180e-04  -3.6495865582e-06  -5.1149710765e-06  -1.4653845184e-06   0.0000000000e+00   1.6416828178e-04   1.6416828178e-04 elocal
    61       5166.6666667       -471.4045208       -471.4045208  -1.0666162837e-03  -6.6462505685e-04   4.0199122690e-04   8.6460671773e-06   7.8078778433e-06  -8.3818933405e-07   0.0000000000e+00   1.7805704376e-04   1.7805704376e-04 elocal
    62       5333.3333333       -589.2556510       -589.2556510  -1.0676545963e-03  -6.6785056005e-04   3.9980403627e-04   1.4415813954e-05   1.3809518333e-05  -6.0629562143e-07   0.0000000000e+00   1.6401303833e-04   1.6401303833e-04 elocal
    63       5666.6666667       -471.4045208       -471.4045208  -1.0585668692e-03  -6.5938731594e-04   3.9917955327e-04   2.8506920040e-05   2.8359504262e-05  -1.4741577774e-07   0.0000000000e+00   1.7646924157e-04   1.7646924157e-04 elocal
    64       5833.3333333       -589.2556510       -589.2556510  -1.0567430228e-03  -6.6058004356e-04   3.9616297922e-04   3.2175178503e-05   3.2486754386e-05   3.1157588300e-07   0.0000000000e+00   1.6211539703e-04   1.6211539703e-04 elocal
    65       6166.6666667       -471.4045208       -471.4045208  -1.0400624723e-03  -6.4733074267e-04   3.9273172963e-04   4.7799399862e-05   4.8461621336e-05   6.6222147381e-07   0.0000000000e+00   1.7303546563e-04   1.7303546563e-04 elocal
    66       6333.3333333       -589.2556510       -589.2556510  -1.0351219909e-03  -6.4626590453e-04   3.8885608638e-04   4.9115016058e-05   5.0495412470e-05   1.3803964121e-06   0.0000000000e+00   1.5839095115e-04   1.5839095115e-04 elocal
    67       6666.6666667       -471.4045208       -471.4045208  -1.0103574495e-03  -6.2795922649e-04   3.8239822300e-04   6.5978680938e-05   6.7678466900e-05   1.6997859618e-06   0.0000000000e+00   1.6762234873e-04   1.6762234873e-04 elocal
    68       6833.3333333       -589.2556510       -589.2556510  -1.0018827961e-03  -6.2429464538e-04   3.7758815071e-04   6.4588524550e-05   6.7303244845e-05   2.7147202956e-06   0.0000000000e+00   1.5267493305e-04   1.5267493305e-04 elocal
    69       7166.6666667       -471.4045208       -471.4045208  -9.6815519709e-04  -6.0041132427e-04   3.6774387282e-04   8.2296228509e-05   8.5405454943e-05   3.1092264341e-06   0.0000000000e+00   1.5999991323e-04   1.5999991323e-04 elocal
    70       7333.3333333       -589.2556510       -589.2556510  -9.5549009300e-04  -5.9363473359e-04   3.6185535941e-04   7.7699624011e-05   8.2170913290e-05   4.4712892796e-06   0.0000000000e+00   1.4470096159e-04   1.4470096159e-04 elocal
    71       7666.6666667       -471.4045208       -471.4045208  -9.1135251250e-04  -5.6329543085e-04   3.4805708164e-04   9.5636019914e-05   1.0073370026e-04   5.0976803442e-06   0.0000000000e+00   1.4980408464e-04   1.4980408464e-04 elocal
    72       7833.3333333       -589.2556510       -589.2556510  -8.9346007927e-04  -5.5262850667e-04   3.4083157260e-04   8.7121959144e-05   9.4004837682e-05   6.8828785378e-06   0.0000000000e+00   1.3406412775e-04   1.3406412775e-04 elocal
    73       8166.6666667       -471.4045208       -471.4045208  -8.3650158392e-04  -5.1434711670e-04   3.2215446723e-04   1.0423014807e-04   1.1221626664e-04   7.9861185766e-06   0.0000000000e+00   1.3646657534e-04   1.3646657534e-04 elocal
    74       8333.3333333       -589.2556510       -589.2556510  -8.1168696997e-04  -4.9856705508e-04   3.1311991489e-04   9.0809529497e-05   1.0113014768e-04   1.0320618187e-05   0.0000000000e+00   1.2016364200e-04   1.2016364200e-04 elocal
    75       8666.6666667       -471.4045208       -471.4045208  -7.3757154412e-04  -4.4965971810e-04   2.8791182602e-04   1.0515390262e-04   1.1745872507e-04   1.2304822450e-05   0.0000000000e+00   1.1908711385e-04   1.1908711385e-04 elocal
    76       8833.3333333       -589.2556510       -589.2556510  -7.0292204016e-04  -4.2677921310e-04   2.7614282706e-04   8.5609615129e-05   1.0101698544e-04   1.5407370310e-05   0.0000000000e+00   1.0214053664e-04   1.0214053664e-04 elocal
    77       9166.6666667       -471.4045208       -471.4045208  -6.0266574690e-04  -3.6174743281e-04   2.4091831409e-04   9.3566886148e-05   1.1254223177e-04   1.8975345619e-05   0.0000000000e+00   9.6243100529e-05   9.6243100529e-05 elocal
    78       9333.3333333       -589.2556510       -589.2556510  -5.5301819790e-04  -3.2866278459e-04   2.2435541332e-04   6.7372495876e-05   9.0539209305e-05   2.3166713429e-05   0.0000000000e+00   7.8974826246e-05   7.8974826246e-05 elocal
    79       9666.6666667       -471.4045208       -471.4045208  -4.0376661676e-04  -2.3433760041e-04   1.6942901635e-04   6.3084336180e-05   9.2780656009e-05   2.9696319829e-05   0.0000000000e+00   6.6185882631e-05   6.6185882631e-05 elocal
    80       9833.3333333       -589.2556510       -589.2556510  -3.2977106963e-04  -1.8787257738e-04   1.4189849225e-04   3.4078051668e-05   6.9465193728e-05   3.5387142060e-05   0.0000000000e+00   5.0923836525e-05   5.0923836525e-05 elocal
    81        166.6666667       -824.9579114       -824.9579114  -3.2386293647e-04  -1.8696094985e-04   1.3690198662e-04  -2.3229982394e-05  -5.3114601080e-05  -2.9884618685e-05   0.0000000000e+00   5.3993865348e-05   5.3993865348e-05 elocal
    82        333.3333333       -942.8090416       -942.8090416  -3.8750434768e-04  -2.2743651954e-04   1.6006782814e-04  -1.8849631477e-05  -4.6591791311e-05  -2.7742159835e-05   0.0000000000e+00   5.5605386607e-05   5.5605386607e-05 elocal
    83        666.6666667       -824.9579114       -824.9579114  -5.3884233581e-04  -3.1946561066e-04   2.1937672514e-04  -3.8278222300e-05  -6.2590236231e-05  -2.4312013931e-05   0.0000000000e+00   8.0193547281e-05   8.0193547281e-05 elocal
    84        833.3333333       -942.8090416       -942.8090416  -5.7876445375e-04  -3.4621795726e-04   2.3254649649e-04  -3.1641893777e-05  -5.4265433726e-05  -2.2623539949e-05   0.0000000000e+00   7.6702712154e-05   7.6702712154e-05 elocal
    85       1166.6666667       -824.9579114       -824.9579114  -6.8807439965e-04   2.7176738891e-04   9.5984178857e-04  -4.9605434547e-05  -1.9822586017e-05   2.9782848530e-05   0.0000000000e+00   1.0350325632e-04   1.0350325632e-04 elocal
    86       1333.3333333       -942.8090416       -942.8090416  -7.1677947765e-04  -4.3542690293e-04   2.8135257472e-04  -4.0875673251e-05  -5.9343378201e-05  -1.8467704950e-05   0.0000000000e+00   9.5734130987e-05   9.5734130987e-05 elocal
    87       1666.6666667       -824.9579114       -824.9579114  -7.9919056429e-04  -4.8960493182e-04   3.0958563247e-04  -5.4982804487e-05  -7.1026562071e-05  -1.6043757584e-05   0.0000000000e+00   1.2260178101e-04   1.2260178101e-04 elocal
    88       1833.3333333       -942.8090416       -942.8090416  -8.2095880685e-04  -5.0376159115e-04   3.1719721569e-04  -4.5080418617e-05  -6.0063179937e-05  -1.4982761321e-05   0.0000000000e+00   1.1161366667e-04   1.1161366667e-04 elocal
    89       2166.6666667       -824.9579114       -824.9579114  -8.8379719969e-04  -5.4567943185e-04   3.3811776783e-04  -5.4661990528e-05  -6.7516474207e-05  -1.2854483678e-05   0.0000000000e+00   1.3774319487e-04   1.3774319487e-04 elocal
    90       2333.3333333       -942.8090416       -942.8090416  -9.0065567484e-04  -5.5629722295e-04   3.4435845189e-04  -4.4471197260e-05  -5.6509490811e-05  -1.2038293551e-05   0.0000000000e+00   1.2438519660e-04   1.2438519660e-04 elocal
    91       2666.6666667       -824.9579114       -824.9579114  -9.4843844987e-04  -5.8855836450e-04   3.5988008537e-04  -4.9808689515e-05  -5.9966986074e-05  -1.0158296559e-05   0.0000000000e+00   1.4950638780e-04   1.4950638780e-04 elocal
    92       2833.3333333       -942.8090416       -942.8090416  -9.6144191528e-04  -5.9641289833e-04   3.6502901695e-04  -3.9979695580e-05  -4.9498005045e-05  -9.5183094656e-06   0.0000000000e+00   1.3438110931e-04   1.3438110931e-04 elocal
    93       3166.6666667       -824.9579114       -824.9579114  -9.9709491259e-04  -6.2082228519e-04   3.7627262740e-04  -4.1626721370e-05  -4.9476701742e-05  -7.8499803724e-06   0.0000000000e+00   1.5840556715e-04   1.5840556715e-04 elocal
    94       3333.3333333       -942.8090416       -942.8090416  -1.0068281550e-03  -6.2635038952e-04   3.8047776548e-04  -3.2601637488e-05  -3.9920025419e-05  -7.3183879307e-06   0.0000000000e+00   1.4194036521e-04   1.4194036521e-04 elocal
    95       3666.6666667       -824.9579114       -824.9579114  -1.0322772998e-03  -6.4413764387e-04   3.8813965595e-04  -3.1117301773e-05  -3.6946240399e-05  -5.8289386260e-06   0.0000000000e+00   1.6482767540e-04   1.6482767540e-04 elocal
    96       3833.3333333       -942.8090416       -942.8090416  -1.0390705670e-03  -6.4758673103e-04   3.9148383592e-04  -2.3200482296e-05  -2.8547984206e-05  -5.3475019105e-06   0.0000000000e+00   1.4733457234e-04   1.4733457234e-04 elocal
    97       4166.6666667       -824.9579114       -824.9579114  -1.0555767060e-03  -6.5957326328e-04   3.9600344273e-04  -1.9074763881e-05  -2.3079886193e-05  -4.0051223126e-06   0.0000000000e+00   1.6904305473e-04   1.6904305473e-04 elocal
    98       4333.3333333       -942.8090416       -942.8090416  -1.0596009029e-03  -6.6107103425e-04   3.9852986870e-04  -1.2492135634e-05  -1.6018374326e-05  -3.5262386923e-06   0.0000000000e+00   1.5075708962e-04   1.5075708962e-04 elocal
    99       4666.6666667       -824.9579114       -824.9579114  -1.0679521068e-03  -6.6777809402e-04   4.0017401281e-04  -6.1415012756e-06  -8.4396360133e-06  -2.2981347377e-06   0.0000000000e+00   1.7122477607e-04   1.7122477607e-04 elocal
   100       4833.3333333       -942.8090416       -942.8090416  -1.0692599663e-03  -6.6736384332e-04   4.0189612299e-04  -1.0828493357e-06  -2.8659422039e-06  -1.7830928682e-06   0.0000000000e+00   1.5232741525e-04   1.5232741525e-04 elocal
   101       5166.6666667       -824.9579114       -824.9579114  -1.0698785728e-03  -6.6907608452e-04   4.0080248828e-04   7.1303974799e-06   6.4969397960e-06  -6.3345768390e-07   0.0000000000e+00   1.7146308525e-04   1.7146308525e-04 elocal
   102       5333.3333333       -942.8090416       -942.8090416  -1.0684184799e-03  -6.6671205915e-04   4.0170642074e-04   1.0481579208e-05   1.0431574546e-05  -5.0004661781e-08   0.0000000000e+00   1.5209665554e-04   1.5209665554e-04 elocal
   103       5666.6666667       -824.9579114       -824.9579114  -1.0614123790e-03  -6.6350871981e-04   3.9790365919e-04   2.0221074910e-05   2.1283507559e-05   1.0624326490e-06   0.0000000000e+00   1.6977310383e-04   1.6977310383e-04 elocal
   104       5833.3333333       -942.8090416       -942.8090416  -1.0570250688e-03  -6.5907910396e-04   3.9794596483e-04   2.1665474708e-05   2.3408029182e-05   1.7425544739e-06   0.0000000000e+00   1.5005012906e-04   1.5005012906e-04 elocal
   105       6166.6666667       -824.9579114       -824.9579114  -1.0421954079e-03  -6.5083840251e-04   3.9135700535e-04   3.2586301175e-05   3.5453960380e-05   2.8676592053e-06   0.0000000000e+00   1.6609597978e-04   1.6609597978e-04 elocal
   106       6333.3333333       -942.8090416       -942.8090416  -1.0345960423e-03  -6.4413823053e-04   3.9045781176e-04   3.1891828288e-05   3.5562950982e-05   3.6711226932e-06   0.0000000000e+00   1.4610612806e-04   1.4610612806e-04 elocal
   107       6666.6666667       -824.9579114       -824.9579114  -1.0113997684e-03  -6.3051330903e-04   3.8088645934e-04   4.3597031492e-05   4.8468472005e-05   4.8714405132e-06   0.0000000000e+00   1.6029352221e-04   1.6029352221e-04 elocal
   108       6833.3333333       -942.8090416       -942.8090416  -1.0001432711e-03  -6.2122677264e-04   3.7891649849e-04   4.0487647404e-05   4.6313411803e-05   5.8257643985e-06   0.0000000000e+00   1.4011084746e-04   1.4011084746e-04 elocal
   109       7166.6666667       -824.9579114       -824.9579114  -9.6759235202e-04  -6.0158176744e-04   3.6601058458e-04   5.2470191750e-05   5.9651970809e-05   7.1817790587e-06   0.0000000000e+00   1.5213594910e-04   1.5213594910e-04 elocal
   110       7333.3333333       -942.8090416       -942.8090416  -9.5201628239e-04  -5.8924823076e-04   3.6276805163e-04   4.6627787379e-05   5.4945427269e-05   8.3176398905e-06   0.0000000000e+00   1.3183075070e-04   1.3183075070e-04 elocal
   111       7666.6666667       -824.9579114       -824.9579114  -9.0846627906e-04  -5.6252612003e-04   3.4594015903e-04   5.8192484211e-05   6.8126394849e-05   9.9339106378e-06   0.0000000000e+00   1.4128314257e-04   1.4128314257e-04 elocal
   112       7833.3333333       -942.8090416       -942.8090416  -8.8760382147e-04  -5.4649531643e-04   3.4110850504e-04   4.9295937654e-05   6.0581923401e-05   1.1285985747e-05   0.0000000000e+00   1.2094788577e-04   1.2094788577e-04 elocal
   113       8166.6666667       -824.9579114       -824.9579114  -8.3032254548e-04  -5.1095647375e-04   3.1936607173e-04   5.9468883156e-05   7.2764795748e-05   1.3295912593e-05   0.0000000000e+00   1.2726618208e-04   1.2726618208e-04 elocal
   114       8333.3333333       -942.8090416       -942.8090416  -8.0278621825e-04  -4.9035426465e-04   3.1243195360e-04   4.7338692926e-05   6.2234924681e-05   1.4896231755e-05   0.0000000000e+00   1.0707833240e-04   1.0707833240e-04 elocal
   115       8666.6666667       -824.9579114       -824.9579114  -7.2705369190e-04  -4.4306730049e-04   2.8398639141e-04   5.4837622195e-05   7.2295641600e-05   1.7458019404e-05   0.0000000000e+00   1.0950572392e-04   1.0950572392e-04 elocal
   116       8833.3333333       -942.8090416       -942.8090416  -6.9092749089e-04  -4.1686790921e-04   2.7405958168e-04   3.9848482205e-05   5.9150514603e-05   1.9302032398e-05   0.0000000000e+00   8.9881559474e-05   8.9881559474e-05 elocal
   117       9166.6666667       -824.9579114       -824.9579114  -5.8807659957e-04  -3.5277437679e-04   2.3530222278e-04   4.3414223820e-05   6.5989389328e-05   2.2575165508e-05   0.0000000000e+00   8.7519168275e-05   8.7519168275e-05 elocal
   118       9333.3333333       -942.8090416       -942.8090416  -5.4075526116e-04  -3.2017499464e-04   2.2058026652e-04   2.7312539300e-05   5.1853126534e-05   2.4540587233e-05   0.0000000000e+00   6.9460865793e-05   6.9460865793e-05 elocal
   119       9666.6666667       -824.9579114       -824.9579114  -3.9257598189e-04  -2.3011822957e-04   1.6245775233e-04   2.6922617715e-05   5.5635281579e-05   2.8712663864e-05   0.0000000000e+00   6.1725763808e-05   6.1725763808e-05 elocal
   120       9833.3333333       -942.8090416       -942.8090416  -3.2561397385e-04  -1.8892703443e-04   1.3668693942e-04   1.1750316599e-05   4.2873312854e-05   3.1122996255e-05   0.0000000000e+00   4.7540397150e-05   4.7540397150e-05 elocal
   121        166.6666667      -1178.5113020      -1178.5113020  -3.2313284975e-04  -1.8894798880e-04   1.3418486095e-04  -7.7811103972e-06  -3.2850997567e-05  -2.5069887170e-05   0.0000000000e+00   4.9383214757e-05   4.9383214757e-05 elocal
   122        333.3333333      -1296.3624322      -1296.3624322  -3.8581543550e-04  -2.2712880074e-04   1.5868663476e-04  -1.7664137205e-06  -2.6202106953e-05  -2.4435693232e-05   0.0000000000e+00   4.9033933661e-05   4.9033933661e-05 elocal
   123        666.6666667      -1178.5113020      -1178.5113020  -5.3233741146e-04  -3.1391420988e-04   2.1842320158e-04  -1.1947891513e-05  -3.4930174842e-05  -2.2982283329e-05   0.0000000000e+00   7.0322692738e-05   7.0322692738e-05 elocal
   124        833.3333333      -1296.3624322      -1296.3624322  -5.7161031216e-04  -3.3929937549e-04   2.3231093666e-04  -6.4786986890e-06  -2.8425037253e-05  -2.1946338564e-05   0.0000000000e+00   6.5822351442e-05   6.5822351442e-05 elocal
   125       1166.6666667      -1178.5113020      -1178.5113020  -6.7927528433e-04  -4.0701657971e-04   2.7225870462e-04  -1.7803659576e-05  -3.8199595490e-05  -2.0395935914e-05   0.0000000000e+00   9.0039367736e-05   9.0039367736e-05 elocal
   126       1333.3333333      -1296.3624322      -1296.3624322  -7.0724608402e-04  -4.2516064638e-04   2.8208543764e-04  -1.1859520101e-05  -3.1149592000e-05  -1.9290071898e-05   0.0000000000e+00   8.1833898788e-05   8.1833898788e-05 elocal
   127       1666.6666667      -1178.5113020      -1178.5113020  -7.9074579507e-04   3.1115961692e-04   1.1019054120e-03  -2.2479993424e-05  -1.7660483625e-05   4.8195097993e-06   0.0000000000e+00   1.0719840827e-04   1.0719840827e-04 elocal
   128       1833.3333333      -1296.3624322      -1296.3624322  -8.1133103220e-04  -4.9259476164e-04   3.1873627056e-04  -1.6029825662e-05  -3.2596390355e-05  -1.6566564693e-05   0.0000000000e+00   9.5874346470e-05   9.5874346470e-05 elocal
   129       2166.6666667      -1178.5113020      -1178.5113020  -8.7660186534e-04   3.4045051689e-04   1.2170523822e-03  -2.4610694168e-05  -1.4920291152e-05   9.6904030162e-06   0.0000000000e+00   1.2139609005e-04   1.2139609005e-04 elocal
   130       2333.3333333      -1296.3624322      -1296.3624322  -8.9184572693e-04  -5.4532904595e-04   3.4651668099e-04  -1.7951675518e-05  -3.1842260131e-05  -1.3890584613e-05   0.0000000000e+00   1.0757711131e-04   1.0757711131e-04 elocal
   131       2666.6666667      -1178.5113020      -1178.5113020  -9.4253606071e-04   3.6272477083e-04   1.3052608315e-03  -2.3947191228e-05  -1.2268534630e-05   1.1678656597e-05   0.0000000000e+00   1.3273000801e-04   1.3273000801e-04 elocal
   132       2833.3333333      -1296.3624322      -1296.3624322  -9.5361377402e-04  -5.8597958669e-04   3.6763418733e-04  -1.7461974950e-05  -2.8779019802e-05  -1.1317044852e-05   0.0000000000e+00   1.1695223680e-04   1.1695223680e-04 elocal
   133       3166.6666667      -1178.5113020      -1178.5113020  -9.9223778655e-04   3.7944838037e-04   1.3716861669e-03  -2.0819957260e-05  -9.7400198378e-06   1.1079937423e-05   0.0000000000e+00   1.4145063061e-04   1.4145063061e-04 elocal
   134       3333.3333333      -1296.3624322      -1296.3624322  -9.9984116427e-04  -6.1645465713e-04   3.8338650714e-04  -1.4859320575e-05  -2.3715276411e-05  -8.8559558353e-06   0.0000000000e+00   1.2414287173e-04   1.2414287173e-04 elocal
   135       3666.6666667      -1178.5113020      -1178.5113020  -1.0281535734e-03   3.9151344421e-04   1.4196670177e-03  -1.5762435285e-05  -7.3302422224e-06   8.4321930624e-06   0.0000000000e+00   1.4781144833e-04   1.4781144833e-04 elocal
   136       3833.3333333      -1296.3624322      -1296.3624322  -1.0326855822e-03  -6.3810506032e-04   3.9458052186e-04  -1.0617181276e-05  -1.7108915288e-05  -6.4917340119e-06   0.0000000000e+00   1.2931145331e-04   1.2931145331e-04 elocal
   137       4166.6666667      -1178.5113020      -1178.5113020  -1.0518830122e-03   3.9947413354e-04   1.4513571457e-03  -9.3404175925e-06  -5.0132636741e-06   4.3271539183e-06   0.0000000000e+00   1.5201718382e-04   1.5201718382e-04 elocal
   138       4333.3333333      -1296.3624322      -1296.3624322  -1.0535590659e-03  -6.5183909711e-04   4.0171996874e-04  -5.2492810585e-06  -9.4448375901e-06  -4.1955565316e-06   0.0000000000e+00   1.3259301157e-04   1.3259301157e-04 elocal
   139       4666.6666667      -1178.5113020      -1178.5113020  -1.0644059065e-03   4.0365935459e-04   1.4680652611e-03  -2.0966125001e-06  -2.7524370696e-06  -6.5582456953e-07   0.0000000000e+00   1.5420975269e-04   1.5420975269e-04 elocal
   140       4833.3333333      -1296.3624322      -1296.3624322  -1.0633048231e-03  -6.5820673694e-04   4.0509808621e-04   7.3686283033e-07  -1.1948969734e-06  -1.9317598037e-06   0.0000000000e+00   1.3407786479e-04   1.3407786479e-04 elocal
   141       5166.6666667      -1178.5113020      -1178.5113020  -1.0662084471e-03   4.0422812061e-04   1.4704365677e-03   5.4528397452e-06  -5.0556867855e-07  -5.9584084237e-06   0.0000000000e+00   1.5446643658e-04   1.5446643658e-04 elocal
   142       5333.3333333      -1296.3624322      -1296.3624322  -1.0622949118e-03  -6.5745156102e-04   4.0484335076e-04   6.8447189962e-06   7.1841180505e-06   3.3939905430e-07   0.0000000000e+00   1.3380587213e-04   1.3380587213e-04 elocal
   143       5666.6666667      -1178.5113020      -1178.5113020  -1.0573407255e-03   4.0119304014e-04   1.4585337656e-03   1.2800866978e-05   1.7731148664e-06  -1.1027752111e-05   0.0000000000e+00   1.5280067224e-04   1.5280067224e-04 elocal
   144       5833.3333333      -1296.3624322      -1296.3624322  -1.0504701606e-03  -6.4953295251e-04   4.0093720813e-04   1.2576340208e-05   1.5237196400e-05   2.6608561913e-06   0.0000000000e+00   1.3176475408e-04   1.3176475408e-04 elocal
   145       6166.6666667      -1178.5113020      -1178.5113020  -1.0374195171e-03   3.9442120342e-04   1.4318407205e-03   1.9425035065e-05   4.1324168395e-06  -1.5292618225e-05   0.0000000000e+00   1.4916221815e-04   1.4916221815e-04 elocal
   146       6333.3333333      -1296.3624322      -1296.3624322  -1.0273305657e-03  -6.3412034244e-04   3.9321022330e-04   1.7415923643e-05   2.2494344442e-05   5.0784207982e-06   0.0000000000e+00   1.2788994495e-04   1.2788994495e-04 elocal
   147       6666.6666667      -1178.5113020      -1178.5113020  -1.0055766511e-03   3.8361297585e-04   1.3891896269e-03   2.4764689251e-05   6.6235595781e-06  -1.8141129673e-05   0.0000000000e+00   1.4343625857e-04   1.4343625857e-04 elocal
   148       6833.3333333      -1296.3624322      -1296.3624322  -9.9187400695e-04  -6.1055865192e-04   3.8131535503e-04   2.0820365326e-05   2.8459966601e-05   7.6396012756e-06   0.0000000000e+00   1.2206640531e-04   1.2206640531e-04 elocal
   149       7166.6666667      -1178.5113020      -1178.5113020  -9.6033993932e-04   3.6825116485e-04   1.3285911042e-03   2.8211412795e-05   9.2975714232e-06  -1.8913841372e-05   0.0000000000e+00   1.3544333399e-04   1.3544333399e-04 elocal
   150       7333.3333333      -1296.3624322      -1296.3624322  -9.4247067412e-04  -5.7780191889e-04   3.6466875523e-04   2.2234742535e-05   3.2623875669e-05   1.0389133134e-05   0.0000000000e+00   1.1413616299e-04   1.1413616299e-04 elocal
   151       7666.6666667      -1178.5113020      -1178.5113020  -8.9941712092e-04   3.4750043011e-04   1.2469175510e-03   2.9139467654e-05   1.2197051283e-05  -1.6942416371e-05   0.0000000000e+00   1.2494648716e-04   1.2494648716e-04 elocal
   152       7833.3333333      -1296.3624322      -1296.3624322  -8.7664786209e-04  -5.3431401364e-04   3.4233384845e-04   2.1170051528e-05   3.4526266319e-05   1.3356214791e-05   0.0000000000e+00   1.0392169650e-04   1.0392169650e-04 elocal
   153       8166.6666667      -1178.5113020      -1178.5113020  -8.1932911761e-04   3.2000932357e-04   1.1393384412e-03   2.7037926040e-05   1.5335304046e-05  -1.1702621993e-05   0.0000000000e+00   1.1168322330e-04   1.1168322330e-04 elocal
   154       8333.3333333      -1296.3624322      -1296.3624322  -7.9073557138e-04  -4.7794653690e-04   3.1278903448e-04   1.7414067087e-05   3.3938484969e-05   1.6524417882e-05   0.0000000000e+00   9.1288701464e-05   9.1288701464e-05 elocal
   155       8666.6666667      -1178.5113020      -1178.5113020  -7.1477933810e-04   2.8348963694e-04   9.9826897504e-04   2.1861461651e-05   1.8652676038e-05  -3.2087856130e-06   0.0000000000e+00   9.5465683731e-05   9.5465683731e-05 elocal
   156       8833.3333333      -1296.3624322      -1296.3624322  -6.7920439584e-04  -4.0579958999e-04   2.7340480585e-04   1.1453931876e-05   3.1231593386e-05   1.9777661510e-05   0.0000000000e+00   7.6296029813e-05   7.6296029813e-05 elocal
   157       9166.6666667      -1178.5113020      -1178.5113020  -5.7724597198e-04   2.3363285164e-04   8.1087882362e-04   1.4684596793e-05   2.1954839069e-05   7.2702422751e-06   0.0000000000e+00   7.6430183238e-05   7.6430183238e-05 elocal
   158       9333.3333333      -1296.3624322      -1296.3624322  -5.3260083021e-04  -3.1367908066e-04   2.1892174955e-04   4.9334753589e-06   2.7806105366e-05   2.2872630007e-05   0.0000000000e+00   5.9498170151e-05   5.9498170151e-05 elocal
   159       9666.6666667      -1178.5113020      -1178.5113020  -3.8832204848e-04   1.5985997525e-04   5.4818202373e-04   8.0857635331e-06   2.4942673313e-05   1.6856909780e-05   0.0000000000e+00   5.5429272719e-05   5.5429272719e-05 elocal
   160       9833.3333333      -1296.3624322      -1296.3624322  -3.2423916845e-04  -1.9022603617e-04   1.3401313229e-04  -6.5775970551e-07   2.5348039312e-05   2.6005799017e-05   0.0000000000e+00   4.2463695999e-05   4.2463695999e-05 elocal
   161        166.6666667      -1532.0646926      -1532.0646926  -3.2261494800e-04  -1.9023236022e-04   1.3238258778e-04   1.4773159449e-06  -1.8883649851e-05  -2.0360965796e-05   0.0000000000e+00   4.3596459029e-05   4.3596459029e-05 elocal
   162        333.3333333      -1649.9158228      -1649.9158228  -3.8413569284e-04  -2.2654551466e-04   1.5759017818e-04   8.5274746407e-06  -1.2371128764e-05  -2.0898603405e-05   0.0000000000e+00   4.1853105441e-05   4.1853105441e-05 elocal
   163        666.6666667      -1532.0646926      -1532.0646926  -5.2688365659e-04  -3.0923750408e-04   2.1764615251e-04   3.7520154170e-06  -1.6863334036e-05  -2.0615349453e-05   0.0000000000e+00   6.0464446795e-05   6.0464446795e-05 elocal
   164        833.3333333      -1649.9158228      -1649.9158228  -5.6500899572e-04  -3.3314913894e-04   2.3185985678e-04   8.7727014391e-06  -1.1434350145e-05  -2.0207051584e-05   0.0000000000e+00   5.5093615373e-05   5.5093615373e-05 elocal
   165       1166.6666667      -1532.0646926      -1532.0646926  -6.6995678167e-04  -3.9767290144e-04   2.7228388023e-04   2.0731844419e-06  -1.7386288890e-05  -1.9459473332e-05   0.0000000000e+00   7.6708656341e-05   7.6708656341e-05 elocal
   166       1333.3333333      -1649.9158228      -1649.9158228  -6.9695882143e-04  -4.1484549693e-04   2.8211332450e-04   6.5635646146e-06  -1.2168740996e-05  -1.8732305610e-05   0.0000000000e+00   6.8145286045e-05   6.8145286045e-05 elocal
   167       1666.6666667      -1532.0646926      -1532.0646926  -7.7964407266e-04  -4.6777402021e-04   3.1187005245e-04  -8.4055308791e-07  -1.8503140776e-05  -1.7662587688e-05   0.0000000000e+00   9.1379770792e-05   9.1379770792e-05 elocal
   168       1833.3333333      -1649.9158228      -1649.9158228  -7.9915806796e-04  -4.7996657989e-04   3.1919148807e-04   3.4896454994e-06  -1.3269852655e-05  -1.6759498154e-05   0.0000000000e+00   7.9994066146e-05   7.9994066146e-05 elocal
   169       2166.6666667      -1532.0646926      -1532.0646926  -8.6510072945e-04  -5.2339596168e-04   3.4170476777e-04  -3.4478220421e-06  -1.8931125385e-05  -1.5483303343e-05   0.0000000000e+00   1.0394293903e-04   1.0394293903e-04 elocal
   170       2333.3333333      -1649.9158228      -1649.9158228  -8.7902453886e-04  -5.3168813639e-04   3.4733640247e-04   7.7266747542e-07  -1.3722454315e-05  -1.4495121790e-05   0.0000000000e+00   9.0168388955e-05   9.0168388955e-05 elocal
   171       2666.6666667      -1532.0646926      -1532.0646926  -9.3127416156e-04  -5.6689076451e-04   3.6438339704e-04  -4.9309653099e-06  -1.8024627195e-05  -1.3093661885e-05   0.0000000000e+00   1.1424157767e-04   1.1424157767e-04 elocal
   172       2833.3333333      -1649.9158228      -1649.9158228  -9.4077233819e-04  -5.7203111626e-04   3.6874122192e-04  -9.4869316011e-07  -1.3024039893e-05  -1.2075346733e-05   0.0000000000e+00   9.8504642285e-05   9.8504642285e-05 elocal
   173       3166.6666667      -1532.0646926      -1532.0646926  -9.8140217817e-04  -6.0001285579e-04   3.8138932238e-04  -5.0486677174e-06  -1.5650529961e-05  -1.0601862243e-05   0.0000000000e+00   1.2231783624e-04   1.2231783624e-04 elocal
   174       3333.3333333      -1649.9158228      -1649.9158228  -9.8721187275e-04  -6.0251038010e-04   3.8470149264e-04  -1.5037428598e-06  -1.1084256637e-05  -9.5805137775e-06   0.0000000000e+00   1.0499870965e-04   1.0499870965e-04 elocal
   175       3666.6666667      -1532.0646926      -1532.0646926  -1.0177073441e-03  -6.2407307361e-04   3.9363427052e-04  -3.9069092883e-06  -1.1974611699e-05  -8.0677024112e-06   0.0000000000e+00   1.2828735548e-04   1.2828735548e-04 elocal
   176       3833.3333333      -1649.9158228      -1649.9158228  -1.0202872922e-03  -6.2425817671e-04   3.9602911553e-04  -1.0087486090e-06  -8.0608715641e-06  -7.0521229551e-06   0.0000000000e+00   1.0971065930e-04   1.0971065930e-04 elocal
   177       4166.6666667      -1532.0646926      -1532.0646926  -1.0416901614e-03  -6.4000151456e-04   4.0168864682e-04  -1.7880892898e-06  -7.3060267384e-06  -5.5179374486e-06   0.0000000000e+00   1.3227169242e-04   1.3227169242e-04 elocal
   178       4333.3333333      -1649.9158228      -1649.9158228  -1.0413061761e-03  -6.3807166157e-04   4.0323451450e-04   2.6861961944e-07  -4.2381083422e-06  -4.5067279617e-06   0.0000000000e+00   1.1271141357e-04   1.1271141357e-04 elocal
   179       4666.6666667      -1532.0646926      -1532.0646926  -1.0542898335e-03  -6.4839766233e-04   4.0589217120e-04   9.4617893887e-07  -2.0123823172e-06  -2.9585612560e-06   0.0000000000e+00   1.3436629008e-04   1.3436629008e-04 elocal
   180       4833.3333333      -1649.9158228      -1649.9158228  -1.0510641613e-03  -6.4444825953e-04   4.0661590177e-04   1.9885962599e-06   4.2875158776e-08  -1.9457211011e-06   0.0000000000e+00   1.1405551282e-04   1.1405551282e-04 elocal
   181       5166.6666667      -1532.0646926      -1532.0646926  -1.0559760256e-03  -6.4956738559e-04   4.0640864000e-04   3.9017875115e-06   3.5183080138e-06  -3.8347949766e-07   0.0000000000e+00   1.3462659246e-04   1.3462659246e-04 elocal
   182       5333.3333333      -1649.9158228      -1649.9158228  -1.0499141324e-03  -6.4361082679e-04   4.0630330560e-04   3.7801243255e-06   4.4181294718e-06   6.3800514627e-07   0.0000000000e+00   1.1376835348e-04   1.1376835348e-04 elocal
   183       5666.6666667      -1532.0646926      -1532.0646926  -1.0467918360e-03  -6.4354247365e-04   4.0324936231e-04   6.6718296720e-06   8.8911967852e-06   2.2193671132e-06   0.0000000000e+00   1.3306278531e-04   1.3306278531e-04 elocal
   184       5833.3333333      -1649.9158228      -1649.9158228  -1.0377948921e-03  -6.3551923209e-04   4.0227566000e-04   5.2619936020e-06   8.5170699189e-06   3.2550763169e-06   0.0000000000e+00   1.1184145810e-04   1.1184145810e-04 elocal
   185       6166.6666667      -1532.0646926      -1532.0646926  -1.0263553600e-03  -6.3008096736e-04   3.9627439269e-04   8.8466612852e-06   1.3709555384e-05   4.8628940989e-06   0.0000000000e+00   1.2963902007e-04   1.2963902007e-04 elocal
   186       6333.3333333      -1649.9158228      -1649.9158228  -1.0142239904e-03  -6.1986680177e-04   3.9435718861e-04   6.0598739061e-06   1.1974664068e-05   5.9147901615e-06   0.0000000000e+00   1.0823323293e-04   1.0823323293e-04 elocal
   187       6666.6666667      -1532.0646926      -1532.0646926  -9.9382025292e-04  -6.0864775054e-04   3.8517250238e-04   1.0028987845e-05   1.7583997572e-05   7.5550097278e-06   0.0000000000e+00   1.2427649734e-04   1.2427649734e-04 elocal
   188       6833.3333333      -1649.9158228      -1649.9158228  -9.7825414453e-04  -5.9606197964e-04   3.8219216489e-04   5.8343210960e-06   1.4452900974e-05   8.6185798775e-06   0.0000000000e+00   1.0287574298e-04   1.0287574298e-04 elocal
   189       7166.6666667      -1532.0646926      -1532.0646926  -9.4778967867e-04  -5.7837598915e-04   3.6941368952e-04   9.8713525362e-06   2.0161099364e-05   1.0289746828e-05   0.0000000000e+00   1.1686299008e-04   1.1686299008e-04 elocal
   190       7333.3333333      -1649.9158228      -1649.9158228  -9.2838771733e-04  -5.6319810846e-04   3.6518960887e-04   4.3384804752e-06   1.5687793819e-05   1.1349313343e-05   0.0000000000e+00   9.5691315036e-05   9.5691315036e-05 elocal
   191       7666.6666667      -1532.0646926      -1532.0646926  -8.8617024189e-04  -5.3801326802e-04   3.4815697387e-04   8.1614376348e-06   2.1193801273e-05   1.3032363638e-05   0.0000000000e+00   1.0727581661e-04   1.0727581661e-04 elocal
   192       7833.3333333      -1649.9158228      -1649.9158228  -8.6243334546e-04  -5.2001764938e-04   3.4241569608e-04   1.5294219329e-06   1.5582715960e-05   1.4053294027e-05   0.0000000000e+00   8.6627230963e-05   8.6627230963e-05 elocal
   193       8166.6666667      -1532.0646926      -1532.0646926  -8.0593006952e-04  -4.8585988981e-04   3.2007017972e-04   4.9881515619e-06   2.0683323906e-05   1.5695172344e-05   0.0000000000e+00   9.5432022373e-05   9.5432022373e-05 elocal
   194       8333.3333333      -1649.9158228      -1649.9158228  -7.7724488310e-04  -4.6486965609e-04   3.1237522701e-04  -2.2498702196e-06   1.4363390066e-05   1.6613260286e-05   0.0000000000e+00   7.5722307609e-05   7.5722307609e-05 elocal
   195       8666.6666667      -1532.0646926      -1532.0646926  -7.0260727721e-04  -4.1967291192e-04   2.8293436529e-04   1.0002303525e-06   1.9104783595e-05   1.8104553243e-05   0.0000000000e+00   8.1385880292e-05   8.1385880292e-05 elocal
   196       8833.3333333      -1649.9158228      -1649.9158228  -6.6805730812e-04  -3.9556005522e-04   2.7249725289e-04  -6.0626689439e-06   1.2758222635e-05   1.8820891579e-05   0.0000000000e+00   6.3220951529e-05   6.3220951529e-05 elocal
   197       9166.6666667      -1532.0646926      -1532.0646926  -5.6871472712e-04  -3.3617132882e-04   2.3254339831e-04  -2.3595117249e-06   1.7614261817e-05   1.9973773542e-05   0.0000000000e+00   6.5480011593e-05   6.5480011593e-05 elocal
   198       9333.3333333      -1649.9158228      -1649.9158228  -5.2592255485e-04  -3.0835737086e-04   2.1756518399e-04  -8.3763527968e-06   1.2011166178e-05   2.0387518975e-05   0.0000000000e+00   4.9730683593e-05   4.9730683593e-05 elocal
   199       9666.6666667      -1532.0646926      -1532.0646926  -3.8557456812e-04  -2.2735830871e-04   1.5821625940e-04  -3.0079320354e-06   1.7886189137e-05   2.0894121173e-05   0.0000000000e+00   4.8431542025e-05   4.8431542025e-05 elocal
   200       9833.3333333      -1649.9158228      -1649.9158228  -3.2290172863e-04  -1.9082516296e-04   1.3207656567e-04  -8.1880867859e-06   1.3114872068e-05   2.1302958854e-05   0.0000000000e+00   3.6464049501e-05   3.6464049501e-05 elocal
   201        166.6666667      -1885.6180832      -1885.6180832  -3.2132474598e-04  -1.9048868238e-04   1.3083606360e-04   7.2708837361e-06  -8.9870425465e-06  -1.6257926283e-05   0.0000000000e+00   3.7149728471e-05   3.7149728471e-05 elocal
   202        333.3333333      -2003.4692134      -2003.4692134  -3.8159310306e-04  -2.2519202644e-04   1.5640107661e-04   1.4930180171e-05  -2.7477196459e-06  -1.7677899817e-05   0.0000000000e+00   3.4362447237e-05   3.4362447237e-05 elocal
   203        666.6666667      -1885.6180832      -1885.6180832  -5.2124021025e-04  -3.0467107663e-04   2.1656913361e-04   1.3431877156e-05  -4.6718678773e-06  -1.8103745034e-05   0.0000000000e+00   5.0773240095e-05   5.0773240095e-05 elocal
   204        833.3333333      -2003.4692134      -2003.4692134  -5.5798722085e-04  -3.2710598175e-04   2.3088123911e-04   1.8188325847e-05  -2.9423843526e-08  -1.8217749691e-05   0.0000000000e+00   4.4682415139e-05   4.4682415139e-05 elocal
   205       1166.6666667      -1885.6180832      -1885.6180832  -6.6010734758e-04  -3.8859608489e-04   2.7151126269e-04   1.4512682020e-05  -3.4627510891e-06  -1.7975433109e-05   0.0000000000e+00   6.4000189302e-05   6.4000189302e-05 elocal
   206       1333.3333333      -2003.4692134      -2003.4692134  -6.8589158108e-04  -4.0466182091e-04   2.8122976017e-04   1.8158776047e-05   5.4878392939e-07  -1.7609992117e-05   0.0000000000e+00   5.5095138343e-05   5.5095138343e-05 elocal
   207       1666.6666667      -1885.6180832      -1885.6180832  -7.6687776885e-04  -4.5550493247e-04   3.1137283638e-04   1.3199281526e-05  -3.7199283150e-06  -1.6919209841e-05   0.0000000000e+00   7.6205579420e-05   7.6205579420e-05 elocal
   208       1833.3333333      -2003.4692134      -2003.4692134  -7.8522574789e-04  -4.6683199527e-04   3.1839375262e-04   1.6213068406e-05  -4.3898894610e-08  -1.6256967301e-05   0.0000000000e+00   6.4780287364e-05   6.4780287364e-05 elocal
   209       2166.6666667      -1885.6180832      -1885.6180832  -8.5067071221e-04  -5.0922199899e-04   3.4144871322e-04   1.0851970932e-05  -4.4002999894e-06  -1.5252270921e-05   0.0000000000e+00   8.6914965249e-05   8.6914965249e-05 elocal
   210       2333.3333333      -2003.4692134      -2003.4692134  -8.6334584097e-04  -5.1671965537e-04   3.4662618559e-04   1.3439585992e-05  -9.5982140725e-07  -1.4399407399e-05   0.0000000000e+00   7.3290141964e-05   7.3290141964e-05 elocal
   211       2666.6666667      -1885.6180832      -1885.6180832  -9.1603351258e-04  -5.5171402239e-04   3.6431949019e-04   8.3878709724e-06  -4.7889001585e-06  -1.3176771131e-05   0.0000000000e+00   9.5887811799e-05   9.5887811799e-05 elocal
   212       2833.3333333      -2003.4692134      -2003.4692134  -9.2413602232e-04  -5.5602706049e-04   3.6810896183e-04   1.0584738893e-05  -1.6204561554e-06  -1.2205195049e-05   0.0000000000e+00   8.0397753098e-05   8.0397753098e-05 elocal
   213       3166.6666667      -1885.6180832      -1885.6180832  -9.6582718122e-04  -5.8436361662e-04   3.8146356459e-04   6.3072115738e-06  -4.5263351471e-06  -1.0833546721e-05   0.0000000000e+00   1.0304876567e-04   1.0304876567e-04 elocal
   214       3333.3333333      -2003.4692134      -2003.4692134  -9.7008925265e-04  -5.8596190408e-04   3.8412734857e-04   8.0482878634e-06  -1.7423398823e-06  -9.7906277456e-06   0.0000000000e+00   8.6015232617e-05   8.6015232617e-05 elocal
   215       3666.6666667      -1885.6180832      -1885.6180832  -1.0020168161e-03  -6.0822237113e-04   3.9379444494e-04   4.7853487046e-06  -3.5333810241e-06  -8.3187297287e-06   0.0000000000e+00   1.0841232327e-04   1.0841232327e-04 elocal
   216       3833.3333333      -2003.4692134      -2003.4692134  -1.0029237685e-03  -6.0743588663e-04   3.9548788186e-04   5.9586451712e-06  -1.2751126957e-06  -7.2337578669e-06   0.0000000000e+00   9.0129812383e-05   9.0129812383e-05 elocal
   217       4166.6666667      -1885.6180832      -1885.6180832  -1.0259502627e-03  -6.2406358841e-04   4.0188667426e-04   3.7821883966e-06  -1.9133793371e-06  -5.6955677337e-06   0.0000000000e+00   1.1202757955e-04   1.1202757955e-04 elocal
   218       4333.3333333      -2003.4692134      -2003.4692134  -1.0238077993e-03  -6.2110872513e-04   4.0269907413e-04   4.2630373434e-06  -3.2268226815e-07  -4.5857196115e-06   0.0000000000e+00   9.2759804527e-05   9.2759804527e-05 elocal
   219       4666.6666667      -1885.6180832      -1885.6180832  -1.0384845252e-03  -6.3240081978e-04   4.0608370545e-04   3.1299720505e-06   1.2525096761e-07  -3.0047210829e-06   0.0000000000e+00   1.1394442700e-04   1.1394442700e-04 elocal
   220       4833.3333333      -2003.4692134      -2003.4692134  -1.0334606010e-03  -6.2740199484e-04   4.0605860615e-04   2.8011026517e-06   9.2097777814e-07  -1.8801248736e-06   0.0000000000e+00   9.3927620664e-05   9.3927620664e-05 elocal
   221       5166.6666667      -1885.6180832      -1885.6180832  -1.0400514709e-03  -6.3350015458e-04   4.0655131633e-04   2.5936036256e-06   2.3205643250e-06  -2.7303930059e-07   0.0000000000e+00   1.1419520116e-04   1.1419520116e-04 elocal
   222       5333.3333333      -2003.4692134      -2003.4692134  -1.0322027502e-03  -6.2650680003e-04   4.0569595013e-04   1.3581129671e-06   2.2172994909e-06   8.5918652384e-07   0.0000000000e+00   9.3645153852e-05   9.3645153852e-05 elocal
   223       5666.6666667      -1885.6180832      -1885.6180832  -1.0306877956e-03  -6.2738705508e-04   4.0330074056e-04   1.9118653897e-06   4.3907073460e-06   2.4788419562e-06   0.0000000000e+00   1.1278633726e-04   1.1278633726e-04 elocal
   224       5833.3333333      -2003.4692134      -2003.4692134  -1.0199762939e-03  -6.1838731955e-04   4.0158897431e-04  -2.9478478326e-07   3.3164755883e-06   3.6112603715e-06   0.0000000000e+00   9.1907914288e-05   9.1907914288e-05 elocal
   225       6166.6666667      -1885.6180832      -1885.6180832  -1.0100363224e-03  -6.1384573684e-04   3.9619058554e-04   8.3134999626e-07   6.0605573035e-06   5.2292073073e-06   0.0000000000e+00   1.0969703213e-04   1.0969703213e-04 elocal
   226       6333.3333333      -2003.4692134      -2003.4692134  -9.9634038228e-04  -6.0277950815e-04   3.9356087413e-04  -2.3627480671e-06   3.9881708336e-06   6.3509189007e-06   0.0000000000e+00   8.8696257453e-05   8.8696257453e-05 elocal
   227       6666.6666667      -1885.6180832      -1885.6180832  -9.7731965539e-04  -5.9241084256e-04   3.8490881283e-04  -8.5439906844e-07   7.0926469481e-06   7.9470460166e-06   0.0000000000e+00   1.0488440073e-04   1.0488440073e-04 elocal
   228       6833.3333333      -2003.4692134      -2003.4692134  -9.6044241037e-04  -5.7918564353e-04   3.8125676684e-04  -4.9805109925e-06   4.0596300638e-06   9.0401410562e-06   0.0000000000e+00   8.3984097222e-05   8.3984097222e-05 elocal
   229       7166.6666667      -1885.6180832      -1885.6180832  -9.3128274244e-04  -5.6235347925e-04   3.6892926320e-04  -3.2474040343e-06   7.3340875011e-06   1.0581491535e-05   0.0000000000e+00   9.8297054456e-05   9.8297054456e-05 elocal
   230       7333.3333333      -2003.4692134      -2003.4692134  -9.1095858373e-04  -5.4686674900e-04   3.6409183473e-04  -8.1459429917e-06   3.4706772161e-06   1.1616620208e-05   0.0000000000e+00   7.7757553886e-05   7.7757553886e-05 elocal
   231       7666.6666667      -1885.6180832      -1885.6180832  -8.7009002921e-04  -5.2266404996e-04   3.4742597925e-04  -6.2573081715e-06   6.7903386047e-06   1.3047646776e-05   0.0000000000e+00   8.9901476319e-05   8.9901476319e-05 elocal
   232       7833.3333333      -2003.4692134      -2003.4692134  -8.4597896284e-04  -5.0483052034e-04   3.4114844251e-04  -1.1628488714e-05   2.3503772113e-06   1.3978865925e-05   0.0000000000e+00   7.0047785182e-05   7.0047785182e-05 elocal
   233       8166.6666667      -1885.6180832      -1885.6180832  -7.9111969337e-04  -4.7201976659e-04   3.1909992678e-04  -9.4812160590e-06   5.7274627898e-06   1.5208678849e-05   0.0000000000e+00   7.9727005891e-05   7.9727005891e-05 elocal
   234       8333.3333333      -2003.4692134      -2003.4692134  -7.6273984769e-04  -4.5177972330e-04   3.1096012439e-04  -1.4866929475e-05   1.1028246796e-06   1.5969754155e-05   0.0000000000e+00   6.0982397482e-05   6.0982397482e-05 elocal
   235       8666.6666667      -1885.6180832      -1885.6180832  -6.9041371864e-04  -4.0863495774e-04   2.8177876090e-04  -1.2084234631e-05   4.7723672256e-06   1.6856601857e-05   0.0000000000e+00   6.7931209273e-05   6.7931209273e-05 elocal
   236       8833.3333333      -2003.4692134      -2003.4692134  -6.5682208044e-04  -3.8583591129e-04   2.7098616915e-04  -1.6915962367e-05   4.4933011838e-07   1.7365292485e-05   0.0000000000e+00   5.0854775883e-05   5.0854775883e-05 elocal
   237       9166.6666667      -1885.6180832      -1885.6180832  -5.6072728187e-04  -3.2945965017e-04   2.3126763171e-04  -1.2772467840e-05   4.9191900922e-06   1.7691657933e-05   0.0000000000e+00   5.4865994533e-05   5.4865994533e-05 elocal
   238       9333.3333333      -2003.4692134      -2003.4692134  -5.1918689709e-04  -3.0319004757e-04   2.1599684952e-04  -1.6547155782e-05   1.3274212127e-06   1.7874576994e-05   0.0000000000e+00   4.0196788776e-05   4.0196788776e-05 elocal
   239       9666.6666667      -1885.6180832      -1885.6180832  -3.8256144972e-04  -2.2582773224e-04   1.5673371748e-04  -9.8577624933e-06   7.3697845945e-06   1.7227547088e-05   0.0000000000e+00   4.1037490155e-05   4.1037490155e-05 elocal
   240       9833.3333333      -2003.4692134      -2003.4692134  -3.2079954438e-04  -1.9044760636e-04   1.3035193803e-04  -1.2900567903e-05   4.4100009303e-06   1.7310568833e-05   0.0000000000e+00   2.9943104297e-05   2.9943104297e-05 elocal
   241        166.6666667      -2239.1714738      -2239.1714738  -3.1898209496e-04  -1.8967497419e-04   1.2930712077e-04   1.0955538863e-05  -1.9174300353e-06  -1.2872968898e-05   0.0000000000e+00   3.0359591334e-05   3.0359591334e-05 elocal
   242        333.3333333      -2357.0226040      -2357.0226040  -3.7790349540e-04  -2.2291932014e-04   1.5498417526e-04   1.8944838606e-05   3.9930544359e-06  -1.4951784171e-05   0.0000000000e+00   2.6774156818e-05   2.6774156818e-05 elocal
   243        666.6666667      -2239.1714738      -2239.1714738  -5.1471519591e-04  -2.9968909928e-04   2.1502609663e-04   1.9474786968e-05   3.6636262271e-06  -1.5811160741e-05   0.0000000000e+00   4.1311383660e-05   4.1311383660e-05 elocal
   244        833.3333333      -2357.0226040      -2357.0226040  -5.4997947262e-04  -3.2070414718e-04   2.2927532545e-04   2.4019895379e-05   7.6780726630e-06  -1.6341822716e-05   0.0000000000e+00   3.4651351616e-05   3.4651351616e-05 elocal
   245       1166.6666667      -2239.1714738      -2239.1714738  -6.4935413838e-04  -3.7946498996e-04   2.6988914842e-04   2.2281866099e-05   5.8707118743e-06  -1.6411154225e-05   0.0000000000e+00   5.1962021488e-05   5.1962021488e-05 elocal
   246       1333.3333333      -2357.0226040      -2357.0226040  -6.7375839867e-04  -3.9435569148e-04   2.7940270718e-04   2.5379959532e-05   9.0253440010e-06  -1.6354615531e-05   0.0000000000e+00   4.2769224532e-05   4.2769224532e-05 elocal
   247       1666.6666667      -2239.1714738      -2239.1714738  -7.5267481496e-04  -4.4298724968e-04   3.0968756528e-04   2.2133770949e-05   6.2243378056e-06  -1.5909433143e-05   0.0000000000e+00   6.1911433252e-05   6.1911433252e-05 elocal
   248       1833.3333333      -2357.0226040      -2357.0226040  -7.6973586349e-04  -4.5336627614e-04   3.1636958734e-04   2.4300230355e-05   8.8234850378e-06  -1.5476745318e-05   0.0000000000e+00   5.0460983949e-05   5.0460983949e-05 elocal
   249       2166.6666667      -2239.1714738      -2239.1714738  -8.3399690991e-04  -4.9427349108e-04   3.3972341883e-04   2.0204112485e-05   5.5440325677e-06  -1.4660079917e-05   0.0000000000e+00   7.0786459408e-05   7.0786459408e-05 elocal
   250       2333.3333333      -2357.0226040      -2357.0226040  -8.4539905825e-04  -5.0095506354e-04   3.4444399471e-04   2.1704680416e-05   7.7398304755e-06  -1.3964849941e-05   0.0000000000e+00   5.7341044580e-05   5.7341044580e-05 elocal
   251       2666.6666667      -2239.1714738      -2239.1714738  -8.9773002840e-04  -5.3516371385e-04   3.6256631455e-04   1.7341833138e-05   4.4649330132e-06  -1.2876900125e-05   0.0000000000e+00   7.8347153224e-05   7.8347153224e-05 elocal
   252       2833.3333333      -2357.0226040      -2357.0226040  -9.0451087935e-04  -5.3870699595e-04   3.6580388340e-04   1.8300683689e-05   6.3033912184e-06  -1.1997292470e-05   0.0000000000e+00   6.3178282814e-05   6.3178282814e-05 elocal
   253       3166.6666667      -2239.1714738      -2239.1714738  -9.4650103934e-04  -5.6681631770e-04   3.7968472163e-04   1.4118905272e-05   3.4052068218e-06  -1.0713698450e-05   0.0000000000e+00   8.4469990367e-05   8.4469990367e-05 elocal
   254       3333.3333333      -2357.0226040      -2357.0226040  -9.4936765325e-04  -5.6764164646e-04   3.8172600679e-04   1.4565511299e-05   4.8589345670e-06  -9.7065767318e-06   0.0000000000e+00   6.7849380770e-05   6.7849380770e-05 elocal
   255       3666.6666667      -2239.1714738      -2239.1714738  -9.8206472250e-04  -5.9007803733e-04   3.9198668517e-04   1.0858981797e-05   2.5736094966e-06  -8.2853723006e-06   0.0000000000e+00   8.9110647699e-05   8.9110647699e-05 elocal
   256       3833.3333333      -2357.0226040      -2357.0226040  -9.8150856565e-04  -5.8849901247e-04   3.9300955318e-04   1.0766370268e-05   3.5743329060e-06  -7.1920373616e-06   0.0000000000e+00   7.1299727317e-05   7.1299727317e-05 elocal
   257       4166.6666667      -2239.1714738      -2239.1714738  -1.0056175797e-03  -6.0557297397e-04   4.0004460573e-04   7.6925290242e-06   2.0142299622e-06  -5.6782990621e-06   0.0000000000e+00   9.2267647627e-05   9.2267647627e-05 elocal
   258       4333.3333333      -2357.0226040      -2357.0226040  -1.0019710707e-03  -6.0181299407e-04   4.0015807667e-04   7.0079651404e-06   2.4791550345e-06  -4.5288101059e-06   0.0000000000e+00   7.3512281401e-05   7.3512281401e-05 elocal
   259       4666.6666667      -2239.1714738      -2239.1714738  -1.0179228930e-03  -6.1372134448e-04   4.0420154852e-04   4.6181368188e-06   1.6595509922e-06  -2.9585858266e-06   0.0000000000e+00   9.3955256253e-05   9.3955256253e-05 elocal
   260       4833.3333333      -2357.0226040      -2357.0226040  -1.0113940700e-03  -6.0792771463e-04   4.0346635534e-04   3.2861895926e-06   1.5104916275e-06  -1.7756979651e-06   0.0000000000e+00   7.4485823267e-05   7.4485823267e-05 elocal
   261       5166.6666667      -2239.1714738      -2239.1714738  -1.0193666241e-03  -6.1474291917e-04   4.0462370495e-04   1.5573502540e-06   1.3776478007e-06  -1.7970245335e-07   0.0000000000e+00   9.4186411342e-05   9.4186411342e-05 elocal
   262       5333.3333333      -2357.0226040      -2357.0226040  -1.0100628534e-03  -6.0700033159e-04   4.0306252178e-04  -4.6219518872e-07   5.5534917513e-07   1.0175443639e-06   0.0000000000e+00   7.4221941739e-05   7.4221941739e-05 elocal
   263       5666.6666667      -2239.1714738      -2239.1714738  -1.0099808222e-03  -6.0865745517e-04   4.0132336707e-04  -1.5983613828e-06   1.0117683245e-06   2.6101297072e-06   0.0000000000e+00   9.2964126633e-05   9.2964126633e-05 elocal
   264       5833.3333333      -2357.0226040      -2357.0226040  -9.9792595239e-04  -5.9900136593e-04   3.9892458647e-04  -4.3145009507e-06  -5.1138905101e-07   3.8031118996e-06   0.0000000000e+00   7.2719533586e-05   7.2719533586e-05 elocal
   265       6166.6666667      -2239.1714738      -2239.1714738  -9.8944550371e-04  -5.9528395309e-04   3.9416155061e-04  -4.9438840294e-06   4.1650087184e-07   5.3603849012e-06   0.0000000000e+00   9.0280021413e-05   9.0280021413e-05 elocal
   266       6333.3333333      -2357.0226040      -2357.0226040  -9.7459280052e-04  -5.8371487166e-04   3.9087792887e-04  -8.3176220165e-06  -1.7899112593e-06   6.5277107572e-06   0.0000000000e+00   6.9976097908e-05   6.9976097908e-05 elocal
   267       6666.6666667      -2239.1714738      -2239.1714738  -9.5707066683e-04  -5.7423904651e-04   3.8283162032e-04  -8.5133316144e-06  -5.0336834176e-07   8.0099632726e-06   0.0000000000e+00   8.6119695999e-05   8.6119695999e-05 elocal
   268       6833.3333333      -2357.0226040      -2357.0226040  -9.3931190113e-04  -5.6073875828e-04   3.7857314285e-04  -1.2439055488e-05  -3.3148239191e-06   9.1242315686e-06   0.0000000000e+00   6.5996011908e-05   6.5996011908e-05 elocal
   269       7166.6666667      -2239.1714738      -2239.1714738  -9.1175255388e-04  -5.4493426973e-04   3.6681828416e-04  -1.2223661309e-05  -1.7459716334e-06   1.0477689676e-05   0.0000000000e+00   8.0475836777e-05   8.0475836777e-05 elocal
   270       7333.3333333      -2357.0226040      -2357.0226040  -8.9091865023e-04  -5.2948282444e-04   3.6143582579e-04  -1.6510759643e-05  -5.0085059152e-06   1.1502253727e-05   0.0000000000e+00   6.0806784334e-05   6.0806784334e-05 elocal
   271       7666.6666667      -2239.1714738      -2239.1714738  -8.5187977210e-04  -5.0656559892e-04   3.4531417318e-04  -1.5808008021e-05  -3.1565758713e-06   1.2651432149e-05   0.0000000000e+00   7.3370543619e-05   7.3370543619e-05 elocal
   272       7833.3333333      -2357.0226040      -2357.0226040  -8.2771412069e-04  -4.8914961300e-04   3.3856450768e-04  -2.0170621486e-05  -6.6327668853e-06   1.3537854601e-05   0.0000000000e+00   5.4484409070e-05   5.4484409070e-05 elocal
   273       8166.6666667      -2239.1714738      -2239.1714738  -7.7510401761e-04  -4.5805894726e-04   3.1704507035e-04  -1.8749523431e-05  -4.3732773869e-06   1.4376246045e-05   0.0000000000e+00   6.4887120316e-05   6.4887120316e-05 elocal
   274       8333.3333333      -2357.0226040      -2357.0226040  -7.4714875028e-04  -4.3863724053e-04   3.0851150975e-04  -2.2820473571e-05  -7.7562482267e-06   1.5064225344e-05   0.0000000000e+00   4.7187414621e-05   4.7187414621e-05 elocal
   275       8666.6666667      -2239.1714738      -2239.1714738  -6.7768015590e-04  -3.9782341917e-04   2.7985673673e-04  -2.0244037969e-05  -4.8033896504e-06   1.5440648319e-05   0.0000000000e+00   5.5205711923e-05   5.5205711923e-05 elocal
   276       8833.3333333      -2357.0226040      -2357.0226040  -6.4489057722e-04  -3.7614498270e-04   2.6874559452e-04  -2.3633296163e-05  -7.7701742566e-06   1.5863121906e-05   0.0000000000e+00   3.9195243932e-05   3.9195243932e-05 elocal
   277       9166.6666667      -2239.1714738      -2239.1714738  -5.5226879568e-04  -3.2273531858e-04   2.2953347710e-04  -1.9212319562e-05  -3.6666526172e-06   1.5545666945e-05   0.0000000000e+00   4.4621800289e-05   4.4621800289e-05 elocal
   278       9333.3333333      -2357.0226040      -2357.0226040  -5.1165138190e-04  -2.9763552169e-04   2.1401586020e-04  -2.1614240273e-05  -5.9738354345e-06   1.5640404838e-05   0.0000000000e+00   3.0943237516e-05   3.0943237516e-05 elocal
   279       9666.6666667      -2239.1714738      -2239.1714738  -3.7867518423e-04  -2.2352967452e-04   1.5514550971e-04  -1.4159458630e-05  -2.2700299218e-08   1.4136758331e-05   0.0000000000e+00   3.3466004265e-05   3.3466004265e-05 elocal
   280       9833.3333333      -2357.0226040      -2357.0226040  -3.1769545579e-04  -1.8906346584e-04   1.2863198995e-04  -1.5872985199e-05  -1.8078187613e-06   1.4065166438e-05   0.0000000000e+00   2.3174172319e-05   2.3174172319e-05 elocal
   281        166.6666667      -2592.7248644      -2592.7248644  -3.1553225627e-04  -1.8784915288e-04   1.2768310338e-04   1.3315108835e-05   3.1271522478e-06  -1.0187956587e-05   0.0000000000e+00   2.3447180414e-05   2.3447180414e-05 elocal
   282        333.3333333      -2710.5759945      -2710.5759945  -3.7299642946e-04  -2.1972138262e-04   1.5327504684e-04   2.1457780638e-05   8.7005666009e-06  -1.2757214037e-05   0.0000000000e+00   1.9247728869e-05   1.9247728869e-05 elocal
   283        666.6666667      -2592.7248644      -2592.7248644  -5.0698079653e-04  -2.9403727626e-04   2.1294352027e-04   2.3252794657e-05   9.3690490682e-06  -1.3883745588e-05   0.0000000000e+00   3.2144691579e-05   3.2144691579e-05 elocal
   284        833.3333333      -2710.5759945      -2710.5759945  -5.4070211299e-04  -3.1370134303e-04   2.2700076996e-04   2.7610282561e-05   1.2869316946e-05  -1.4740965614e-05   0.0000000000e+00   2.5050463773e-05   2.5050463773e-05 elocal
   285       1166.6666667      -2592.7248644      -2592.7248644  -6.3738763357e-04  -3.6998389921e-04   2.6740373436e-04   2.7098699226e-05   1.2100019560e-05  -1.4998679666e-05   0.0000000000e+00   4.0588672379e-05   4.0588672379e-05 elocal
   286       1333.3333333      -2710.5759945      -2710.5759945  -6.6031221011e-04  -3.8368656783e-04   2.7662564228e-04   2.9810899101e-05   1.4617057411e-05  -1.5193841690e-05   0.0000000000e+00   3.1181089970e-05   3.1181089970e-05 elocal
   287       1666.6666667      -2592.7248644      -2592.7248644  -7.3700099654e-04  -4.3014370841e-04   3.0685728813e-04   2.7713220818e-05   1.2812403932e-05  -1.4900816886e-05   0.0000000000e+00   4.8531752811e-05   4.8531752811e-05 elocal
   288       1833.3333333      -2710.5759945      -2710.5759945  -7.5267445789e-04  -4.3952250547e-04   3.1315195242e-04   2.9312791237e-05   1.4647107130e-05  -1.4665684107e-05   0.0000000000e+00   3.7087669146e-05   3.7087669146e-05 elocal
   289       2166.6666667      -2592.7248644      -2592.7248644  -8.1536794671e-04  -4.7875894349e-04   3.3660900322e-04   2.6144346336e-05   1.2172947045e-05  -1.3971399291e-05   0.0000000000e+00   5.5695728315e-05   5.5695728315e-05 elocal
   290       2333.3333333      -2710.5759945      -2710.5759945  -8.2544168629e-04  -4.8458696931e-04   3.4085471698e-04   2.6916986995e-05   1.3492748060e-05  -1.3424238936e-05   0.0000000000e+00   4.2450482219e-05   4.2450482219e-05 elocal
   291       2666.6666667      -2592.7248644      -2592.7248644  -8.7689932220e-04  -5.1767717377e-04   3.5922214843e-04   2.3143160199e-05   1.0712937513e-05  -1.2430222686e-05   0.0000000000e+00   6.1874213360e-05   6.1874213360e-05 elocal
   292       2833.3333333      -2710.5759945      -2710.5759945  -8.8236957498e-04  -5.2045823091e-04   3.6191134407e-04   2.3256799401e-05   1.1605388706e-05  -1.1651410696e-05   0.0000000000e+00   4.7060403228e-05   4.7060403228e-05 elocal
   293       3166.6666667      -2592.7248644      -2592.7248644  -9.2410870294e-04  -5.4795173922e-04   3.7615696372e-04   1.9270735760e-05   8.8345176882e-06  -1.0436218072e-05   0.0000000000e+00   6.6936275679e-05   6.6936275679e-05 elocal
   294       3333.3333333      -2710.5759945      -2710.5759945  -9.2565807203e-04  -5.4806444642e-04   3.7759362561e-04   1.8814490190e-05   9.3277745623e-06  -9.4867156275e-06   0.0000000000e+00   5.0788277067e-05   5.0788277067e-05 elocal
   295       3666.6666667      -2592.7248644      -2592.7248644  -9.5861149930e-04  -5.7029653521e-04   3.8831496408e-04   1.4913400976e-05   6.7995755246e-06  -8.1138254515e-06   0.0000000000e+00   7.0811571223e-05   7.0811571223e-05 elocal
   296       3833.3333333      -2710.5759945      -2710.5759945  -9.5672928955e-04  -5.6803436808e-04   3.8869492147e-04   1.3924280449e-05   6.8827865950e-06  -7.0414938543e-06   0.0000000000e+00   5.3561441422e-05   5.3561441422e-05 elocal
   297       4166.6666667      -2592.7248644      -2592.7248644  -9.8148478563e-04  -5.8522036923e-04   3.9626441639e-04   1.0307450240e-05   4.7438516101e-06  -5.5635986296e-06   0.0000000000e+00   7.3469663291e-05   7.3469663291e-05 elocal
   298       4333.3333333      -2710.5759945      -2710.5759945  -9.7652057425e-04  -5.8080664729e-04   3.9571392696e-04   8.7939572477e-06   4.3872118635e-06  -4.4067453843e-06   0.0000000000e+00   5.5343476246e-05   5.5343476246e-05 elocal
   299       4666.6666667      -2592.7248644      -2592.7248644  -9.9340915714e-04  -5.9306278260e-04   4.0034637454e-04   5.5766605600e-06   2.7074248588e-06  -2.8692357012e-06   0.0000000000e+00   7.4901533778e-05   7.4901533778e-05 elocal
   300       4833.3333333      -2710.5759945      -2710.5759945  -9.8560313342e-04  -5.8666090779e-04   3.9894222564e-04   3.5393555652e-06   1.8797490152e-06  -1.6596065500e-06   0.0000000000e+00   5.6118674858e-05   5.6118674858e-05 elocal
   301       5166.6666667      -2592.7248644      -2592.7248644  -9.9472799474e-04  -5.9400112970e-04   4.0072686505e-04   7.7458231202e-07   6.7060738141e-07  -1.0397493061e-07   0.0000000000e+00   7.5106433320e-05   7.5106433320e-05 elocal
   302       5333.3333333      -2710.5759945      -2710.5759945  -9.8423155630e-04  -5.8572487944e-04   3.9850667686e-04  -1.7761807647e-06  -6.4581468497e-07   1.1303660797e-06   0.0000000000e+00   5.5882053088e-05   5.5882053088e-05 elocal
   303       5666.6666667      -2592.7248644      -2592.7248644  -9.8547080407e-04  -5.8805087085e-04   3.9741993321e-04  -4.0728270090e-06  -1.4098968616e-06   2.6629301474e-06   0.0000000000e+00   7.4084718991e-05   7.4084718991e-05 elocal
   304       5833.3333333      -2710.5759945      -2710.5759945  -9.7236184340e-04  -5.7797566024e-04   3.9438618316e-04  -7.1011183068e-06  -3.2063338335e-06   3.8947844733e-06   0.0000000000e+00   5.4634963163e-05   5.4634963163e-05 elocal
   305       6166.6666667      -2592.7248644      -2592.7248644  -9.6535608328e-04  -5.7506531740e-04   3.9029076588e-04  -8.9245836502e-06  -3.5651437997e-06   5.3594398505e-06   0.0000000000e+00   7.1836550464e-05   7.1836550464e-05 elocal
   306       6333.3333333      -2710.5759945      -2710.5759945  -9.4964997796e-04  -5.6324039735e-04   3.8640958061e-04  -1.2354429166e-05  -5.7946870212e-06   6.5597421450e-06   0.0000000000e+00   5.2386205902e-05   5.2386205902e-05 elocal
   307       6666.6666667      -2592.7248644      -2592.7248644  -9.3377575334e-04  -5.5473562133e-04   3.7904013202e-04  -1.3680740480e-05  -5.7771878556e-06   7.9035526239e-06   0.0000000000e+00   6.8366365493e-05   6.8366365493e-05 elocal
   308       6833.3333333      -2710.5759945      -2710.5759945  -9.1543005844e-04  -5.4119609799e-04   3.7423396045e-04  -1.7383609087e-05  -8.3447936323e-06   9.0388154551e-06   0.0000000000e+00   4.9158666932e-05   4.9158666932e-05 elocal
   309       7166.6666667      -2592.7248644      -2592.7248644  -8.8975139855e-04  -5.2658735709e-04   3.6316404146e-04  -1.8136914811e-05  -7.9411933900e-06   1.0195721421e-05   0.0000000000e+00   6.3693219203e-05   6.3693219203e-05 elocal
   310       7333.3333333      -2710.5759945      -2710.5759945  -8.6865625852e-04  -5.1136167780e-04   3.5729458072e-04  -2.1924141680e-05  -1.0698195961e-05   1.1225945719e-05   0.0000000000e+00   4.5001538209e-05   4.5001538209e-05 elocal
   311       7666.6666667      -2592.7248644      -2592.7248644  -8.3182797413e-04  -4.8995831979e-04   3.4186965434e-04  -2.1941221546e-05  -9.8302645133e-06   1.2110957033e-05   0.0000000000e+00   5.7866669615e-05   5.7866669615e-05 elocal
   312       7833.3333333      -2710.5759945      -2710.5759945  -8.0775995071e-04  -4.7305833511e-04   3.3470161560e-04  -2.5567404340e-05  -1.2578782765e-05   1.2988621575e-05   0.0000000000e+00   4.0007697674e-05   4.0007697674e-05 elocal
   313       8166.6666667      -2592.7248644      -2592.7248644  -7.5780232760e-04  -4.4390598495e-04   3.1389634265e-04  -2.4563733302e-05  -1.1073601996e-05   1.3490131306e-05   0.0000000000e+00   5.0986028641e-05   5.0986028641e-05 elocal
   314       8333.3333333      -2710.5759945      -2710.5759945  -7.3028274323e-04  -4.2526550906e-04   3.0501723417e-04  -2.7749020160e-05  -1.3587928756e-05   1.4161091404e-05   0.0000000000e+00   3.4334502386e-05   3.4334502386e-05 elocal
   315       8666.6666667      -2592.7248644      -2592.7248644  -6.6397370622e-04  -3.8688086194e-04   2.7709284428e-04  -2.5288791217e-05  -1.1163004741e-05   1.4125786476e-05   0.0000000000e+00   4.3216228595e-05   4.3216228595e-05 elocal
   316       8833.3333333      -2710.5759945      -2710.5759945  -6.3186109574e-04  -3.6614915830e-04   2.6571193744e-04  -2.7763598853e-05  -1.3231454743e-05   1.4532144109e-05   0.0000000000e+00   2.8224781666e-05   2.8224781666e-05 elocal
   317       9166.6666667      -2592.7248644      -2592.7248644  -5.4282324106e-04  -3.1559877271e-04   2.2722446836e-04  -2.3201288375e-05  -9.4836486466e-06   1.3717639729e-05   0.0000000000e+00   3.4783954393e-05   3.4783954393e-05 elocal
   318       9333.3333333      -2710.5759945      -2710.5759945  -5.0297389112e-04  -2.9144653551e-04   2.1152735560e-04  -2.4757700256e-05  -1.0959179756e-05   1.3798520500e-05   0.0000000000e+00   2.2027555890e-05   2.2027555890e-05 elocal
   319       9666.6666667      -2592.7248644      -2592.7248644  -3.7370966486e-04  -2.2037456424e-04   1.5333510063e-04  -1.6876917188e-05  -5.2233736255e-06   1.1653543562e-05   0.0000000000e+00   2.5889234697e-05   2.5889234697e-05 elocal
   320       9833.3333333      -2710.5759945      -2710.5759945  -3.1354106473e-04  -1.8672985904e-04   1.2681120570e-04  -1.7748198161e-05  -6.2313854244e-06   1.1516812736e-05   0.0000000000e+00   1.6352694007e-05   1.6352694007e-05 elocal
   321        166.6666667      -2946.2782549      -2946.2782549  -3.1099599614e-04  -1.8510196142e-04   1.2589403472e-04   1.4844537294e-05   6.7059320211e-06  -8.1386052733e-06   0.0000000000e+00   1.6568899687e-05   1.6568899687e-05 elocal
   322        333.3333333      -3064.1293851      -3064.1293851  -3.6687770464e-04  -2.1564834244e-04   1.5122936221e-04   2.3034326404e-05   1.1961329955e-05  -1.1072996450e-05   0.0000000000e+00   1.1897523953e-05   1.1897523953e-05 elocal
   323        666.6666667      -2946.2782549      -2946.2782549  -4.9789315540e-04  -2.8761551746e-04   2.1027763793e-04   2.5620961190e-05   1.3252394809e-05  -1.2368566381e-05   0.0000000000e+00   2.3329251323e-05   2.3329251323e-05 elocal
   324        833.3333333      -3064.1293851      -3064.1293851  -5.3001637953e-04  -3.0598822460e-04   2.2402815493e-04   2.9810763666e-05   1.6331568892e-05  -1.3479194775e-05   0.0000000000e+00   1.5915302131e-05   1.5915302131e-05 elocal
   325       1166.6666667      -2946.2782549      -2946.2782549  -6.2400263395e-04  -3.5996273236e-04   2.6403990158e-04   3.0064886129e-05   1.6215896442e-05  -1.3848989687e-05   0.0000000000e+00   2.9866910440e-05   2.9866910440e-05 elocal
   326       1333.3333333      -3064.1293851      -3064.1293851  -6.4537351188e-04  -3.7248896792e-04   2.7288454396e-04   3.2491074211e-05   1.8247703391e-05  -1.4243370820e-05   0.0000000000e+00   2.0319119008e-05   2.0319119008e-05 elocal
   327       1666.6666667      -2946.2782549      -2946.2782549  -7.1975136315e-04  -4.1685138026e-04   3.0289998289e-04   3.1137931426e-05   1.7098448927e-05  -1.4039482498e-05   0.0000000000e+00   3.6040654624e-05   3.6040654624e-05 elocal
   328       1833.3333333      -3064.1293851      -3064.1293851  -7.3395163779e-04  -4.2520425058e-04   3.0874738721e-04   3.2344621479e-05   1.8380129773e-05  -1.3964491706e-05   0.0000000000e+00   2.4643658947e-05   2.4643658947e-05 elocal
   329       2166.6666667      -2946.2782549      -2946.2782549  -7.9486443600e-04  -4.6271256546e-04   3.3215187054e-04   2.9817776883e-05   1.6474245046e-05  -1.3343531837e-05   0.0000000000e+00   4.1650931627e-05   4.1650931627e-05 elocal
   330       2333.3333333      -3064.1293851      -3064.1293851  -8.0354135163e-04  -4.6765554360e-04   3.3588580802e-04   3.0096526988e-05   1.7175402477e-05  -1.2921124511e-05   0.0000000000e+00   2.8628340615e-05   2.8628340615e-05 elocal
   331       2666.6666667      -2946.2782549      -2946.2782549  -8.5380941289e-04  -4.9945610041e-04   3.5435331248e-04   2.6774874848e-05   1.4788482203e-05  -1.1986392645e-05   0.0000000000e+00   4.6533868056e-05   4.6533868056e-05 elocal
   332       2833.3333333      -3064.1293851      -3064.1293851  -8.5794008815e-04  -5.0146398079e-04   3.5647610735e-04   2.6314338032e-05   1.5016280988e-05  -1.1298057043e-05   0.0000000000e+00   3.2095212908e-05   3.2095212908e-05 elocal
   333       3166.6666667      -2946.2782549      -2946.2782549  -8.9906491833e-04  -5.2810614945e-04   3.7095876888e-04   2.2534825657e-05   1.2404699652e-05  -1.0130126005e-05   0.0000000000e+00   5.0571530852e-05   5.0571530852e-05 elocal
   334       3333.3333333      -3064.1293851      -3064.1293851  -8.9931703061e-04  -5.2752960282e-04   3.7178742779e-04   2.1459860993e-05   1.2221151617e-05  -9.2387093758e-06   0.0000000000e+00   3.4924997950e-05   3.4924997950e-05 elocal
   335       3666.6666667      -2946.2782549      -2946.2782549  -9.3217003378e-04  -5.4930559502e-04   3.8286443876e-04   1.7501978048e-05   9.5972975589e-06  -7.9046804894e-06   0.0000000000e+00   5.3688601556e-05   5.3688601556e-05 elocal
   336       3833.3333333      -3064.1293851      -3064.1293851  -9.2903072809e-04  -5.4642142961e-04   3.8260929849e-04   1.5893981423e-05   9.0323429782e-06  -6.8616384448e-06   0.0000000000e+00   3.7042432040e-05   3.7042432040e-05 elocal
   337       4166.6666667      -2946.2782549      -2946.2782549  -9.5412218399e-04  -5.6348759527e-04   3.9063458872e-04   1.1972330805e-05   6.5528534741e-06  -5.4194773312e-06   0.0000000000e+00   5.5842253573e-05   5.5842253573e-05 elocal
   338       4333.3333333      -3064.1293851      -3064.1293851  -9.4795318889e-04  -5.5851651982e-04   3.8943666908e-04   9.8865109739e-06   5.6182933888e-06  -4.2682175852e-06   0.0000000000e+00   3.8403665102e-05   3.8403665102e-05 elocal
   339       4666.6666667      -2946.2782549      -2946.2782549  -9.6554056437e-04  -5.7093255238e-04   3.9460801199e-04   6.1555257045e-06   3.3855578645e-06  -2.7699678400e-06   0.0000000000e+00   5.7011060413e-05   5.7011060413e-05 elocal
   340       4833.3333333      -3064.1293851      -3064.1293851  -9.5660699102e-04  -5.6404853333e-04   3.9255845768e-04   3.6371393243e-06   2.0888951765e-06  -1.5482441478e-06   0.0000000000e+00   3.8986058552e-05   3.8986058552e-05 elocal
   341       5166.6666667      -2946.2782549      -2946.2782549  -9.6673546748e-04  -5.7178501374e-04   3.9495045374e-04   2.0478053677e-07   1.6165674078e-07  -4.3123795996e-08   0.0000000000e+00   5.7186164095e-05   5.7186164095e-05 elocal
   342       5333.3333333      -3064.1293851      -3064.1293851  -9.5522398720e-04  -5.6312340317e-04   3.9210058403e-04  -2.6959153100e-06  -1.4812004734e-06   1.2147148366e-06   0.0000000000e+00   3.8781284270e-05   3.8781284270e-05 elocal
   343       5666.6666667      -2946.2782549      -2946.2782549  -9.5773562308e-04  -5.6605773144e-04   3.9167789165e-04  -5.7489567525e-06  -3.0718958466e-06   2.6770609059e-06   0.0000000000e+00   5.6366122941e-05   5.6366122941e-05 elocal
   344       5833.3333333      -3064.1293851      -3064.1293851  -9.4376698522e-04  -5.5572384283e-04   3.8804314239e-04  -8.9633999635e-06  -5.0255773440e-06   3.9378226195e-06   0.0000000000e+00   3.7792215242e-05   3.7792215242e-05 elocal
   345       6166.6666667      -2946.2782549      -2946.2782549  -9.3829207114e-04  -5.5363216740e-04   3.8465990374e-04  -1.1561184051e-05  -6.2573357888e-06   5.3038482620e-06   0.0000000000e+00   5.4555908985e-05   5.4555908985e-05 elocal
   346       6333.3333333      -3064.1293851      -3064.1293851  -9.2192834365e-04  -5.4170984214e-04   3.8021850150e-04  -1.4991434110e-05  -8.4581078404e-06   6.5333262695e-06   0.0000000000e+00   3.6033761932e-05   3.6033761932e-05 elocal
   347       6666.6666667      -2946.2782549      -2946.2782549  -9.0786069894e-04  -5.3425650460e-04   3.7360419434e-04  -1.7038163561e-05  -9.2962859935e-06   7.7418775675e-06   0.0000000000e+00   5.1770091283e-05   5.1770091283e-05 elocal
   348       6833.3333333      -3064.1293851      -3064.1293851  -8.8910391302e-04  -5.2081437734e-04   3.6828953568e-04  -2.0549408233e-05  -1.1646467430e-05   8.9029408032e-06   0.0000000000e+00   3.3537595647e-05   3.3537595647e-05 elocal
   349       7166.6666667      -2946.2782549      -2946.2782549  -8.6555065297e-04  -5.0753489067e-04   3.5801576230e-04  -2.1903963674e-05  -1.2022710089e-05   9.8812535849e-06   0.0000000000e+00   4.8039884846e-05   4.8039884846e-05 elocal
   350       7333.3333333      -3064.1293851      -3064.1293851  -8.4432350166e-04  -4.9262463191e-04   3.5169886975e-04  -2.5323123543e-05  -1.4390624546e-05   1.0932498998e-05   0.0000000000e+00   3.0360425406e-05   3.0360425406e-05 elocal
   351       7666.6666667      -2946.2782549      -2946.2782549  -8.0999830617e-04  -4.7288722801e-04   3.3711107816e-04  -2.5774743223e-05  -1.4183285883e-05   1.1591457340e-05   0.0000000000e+00   4.3423007914e-05   4.3423007914e-05 elocal
   352       7833.3333333      -3064.1293851      -3064.1293851  -7.8608460266e-04  -4.5652054866e-04   3.2956405401e-04  -2.8898555246e-05  -1.6411774977e-05   1.2486780270e-05   0.0000000000e+00   2.6594982695e-05   2.6594982695e-05 elocal
   353       8166.6666667      -2946.2782549      -2946.2782549  -7.3905767525e-04  -4.2942201311e-04   3.0963566215e-04  -2.8145334399e-05  -1.5431856323e-05   1.2713478076e-05   0.0000000000e+00   3.8013689404e-05   3.8013689404e-05 elocal
   354       8333.3333333      -3064.1293851      -3064.1293851  -7.1194788419e-04  -4.1149552416e-04   3.0045236003e-04  -3.0760174976e-05  -1.7357539018e-05   1.3402635958e-05   0.0000000000e+00   2.2382216869e-05   2.2382216869e-05 elocal
   355       8666.6666667      -2946.2782549      -2946.2782549  -6.4899626438e-04  -3.7555897294e-04   2.7343729144e-04  -2.8383533409e-05  -1.5340690559e-05   1.3042842850e-05   0.0000000000e+00   3.1947126398e-05   3.1947126398e-05 elocal
   356       8833.3333333      -3064.1293851      -3064.1293851  -6.1747988123e-04  -3.5564314948e-04   2.6183673175e-04  -3.0293066223e-05  -1.6821409286e-05   1.3471656937e-05   0.0000000000e+00   1.7923496372e-05   1.7923496372e-05 elocal
   357       9166.6666667      -2946.2782549      -2946.2782549  -5.3213289271e-04  -3.0785624442e-04   2.2427664829e-04  -2.5677727641e-05  -1.3403962329e-05   1.2273765312e-05   0.0000000000e+00   2.5386314411e-05   2.5386314411e-05 elocal
   358       9333.3333333      -3064.1293851      -3064.1293851  -4.9299553371e-04  -2.8452413710e-04   2.0847139661e-04  -2.6717187257e-05  -1.4339999360e-05   1.2377187897e-05   0.0000000000e+00   1.3496872859e-05   1.3496872859e-05 elocal
   359       9666.6666667      -2946.2782549      -2946.2782549  -3.6760772211e-04  -2.1637315169e-04   1.5123457042e-04  -1.8611788011e-05  -8.8650251455e-06   9.7467628653e-06   0.0000000000e+00   1.8435555377e-05   1.8435555377e-05 elocal
   360       9833.3333333      -3064.1293851      -3064.1293851  -3.0834994409e-04  -1.8353099846e-04   1.2481894563e-04  -1.8940148858e-05  -9.3527004720e-06   9.5874483864e-06   0.0000000000e+00   9.6164462693e-06   9.6164462693e-06 elocal
   361        166.6666667      -3299.8316455      -3299.8316455  -3.0541016448e-04  -1.8152758471e-04   1.2388257977e-04   1.5873704326e-05   9.2262914845e-06  -6.6474128416e-06   0.0000000000e+00   9.8315974552e-06   9.8315974552e-06 elocal
   362        333.3333333      -3417.6827757      -3417.6827757  -3.5956739889e-04  -2.1076454102e-04   1.4880285787e-04   2.4052501768e-05   1.4197691067e-05  -9.8548107012e-06   0.0000000000e+00   4.7989560773e-06   4.7989560773e-06 elocal
   363        666.6666667      -3299.8316455      -3299.8316455  -4.8738304602e-04  -2.8039605224e-04   2.0698699378e-04   2.7140485307e-05   1.5874823110e-05  -1.1265662197e-05   0.0000000000e+00   1.4901033162e-05   1.4901033162e-05 elocal
   364        833.3333333      -3417.6827757      -3417.6827757  -5.1783708974e-04  -2.9751793598e-04   2.2031915375e-04   3.1183304128e-05   1.8612034838e-05  -1.2571269290e-05   0.0000000000e+00   7.2612765913e-06   7.2612765913e-06 elocal
   365       1166.6666667      -3299.8316455      -3299.8316455  -6.0905235569e-04  -3.4928563312e-04   2.5976672257e-04   3.1907941209e-05   1.8899846242e-05  -1.3008094967e-05   0.0000000000e+00   1.9773729148e-05   1.9773729148e-05 elocal
   366       1333.3333333      -3417.6827757      -3417.6827757  -6.2879200111e-04  -3.6064869718e-04   2.6814330393e-04   3.4114329747e-05   2.0558650277e-05  -1.3555679470e-05   0.0000000000e+00   1.0153075767e-05   1.0153075767e-05 elocal
   367       1666.6666667      -3299.8316455      -3299.8316455  -7.0079358625e-04  -4.0299453214e-04   2.9779905411e-04   3.3227707044e-05   1.9827840180e-05  -1.3399866865e-05   0.0000000000e+00   2.4385198771e-05   2.4385198771e-05 elocal
   368       1833.3333333      -3417.6827757      -3417.6827757  -7.1343107814e-04  -4.1030530823e-04   3.0312576991e-04   3.4151465889e-05   2.0703925649e-05  -1.3447540240e-05   0.0000000000e+00   1.3076648587e-05   1.3076648587e-05 elocal
   369       2166.6666667      -3299.8316455      -3299.8316455  -7.7244262132e-04  -4.4609164491e-04   3.2635097641e-04   3.2046928681e-05   1.9182391761e-05  -1.2864536920e-05   0.0000000000e+00   2.8599256911e-05   2.8599256911e-05 elocal
   370       2333.3333333      -3417.6827757      -3417.6827757  -7.7963689481e-04  -4.5012056261e-04   3.2951633220e-04   3.1981882452e-05   1.9444087462e-05  -1.2537794990e-05   0.0000000000e+00   1.5822169050e-05   1.5822169050e-05 elocal
   371       2666.6666667      -3299.8316455      -3299.8316455  -8.2853489062e-04  -4.8056251453e-04   3.4797237609e-04   2.8982952017e-05   1.7348520312e-05  -1.1634431705e-05   0.0000000000e+00   3.2293878584e-05   3.2293878584e-05 elocal
   372       2833.3333333      -3417.6827757      -3417.6827757  -8.3126147646e-04  -4.8177425454e-04   3.4948722192e-04   2.8128155127e-05   1.7112044336e-05  -1.1016110790e-05   0.0000000000e+00   1.8244306855e-05   1.8244306855e-05 elocal
   373       3166.6666667      -3299.8316455      -3299.8316455  -8.7155655060e-04  -5.0744348670e-04   3.6411306390e-04   2.4527436655e-05   1.4651922630e-05  -9.8755140251e-06   0.0000000000e+00   3.5372706622e-05   3.5372706622e-05 elocal
   374       3333.3333333      -3417.6827757      -3417.6827757  -8.7047944444e-04  -5.0617406195e-04   3.6430538250e-04   2.3029143082e-05   1.3999269799e-05  -9.0298732826e-06   0.0000000000e+00   2.0240802694e-05   2.0240802694e-05 elocal
   375       3666.6666667      -3299.8316455      -3299.8316455  -9.0301516041e-04  -5.2735003648e-04   3.7566512393e-04   1.9084013944e-05   1.1361897653e-05  -7.7221162907e-06   0.0000000000e+00   3.7767222682e-05   3.7767222682e-05 elocal
   376       3833.3333333      -3417.6827757      -3417.6827757  -8.9862328889e-04  -5.2386572127e-04   3.7475756762e-04   1.7053129121e-05   1.0350222650e-05  -6.7029064702e-06   0.0000000000e+00   2.1742556019e-05   2.1742556019e-05 elocal
   377       4166.6666667      -3299.8316455      -3299.8316455  -9.2386304289e-04  -5.4067365876e-04   3.8318938413e-04   1.2979592601e-05   7.6899019766e-06  -5.2896906246e-06   0.0000000000e+00   3.9433068390e-05   3.9433068390e-05 elocal
   378       4333.3333333      -3417.6827757      -3417.6827757  -9.1652861380e-04  -5.3519285710e-04   3.8133575670e-04   1.0504446910e-05   6.3608957324e-06  -4.1435511781e-06   0.0000000000e+00   2.2705975491e-05   2.2705975491e-05 elocal
   379       4666.6666667      -3299.8316455      -3299.8316455  -9.3467987463e-04  -5.4765740842e-04   3.8702246621e-04   6.4781922668e-06   3.7967938281e-06  -2.6813984387e-06   0.0000000000e+00   4.0344359696e-05   4.0344359696e-05 elocal
   380       4833.3333333      -3417.6827757      -3417.6827757  -9.2468745887e-04  -5.4036084381e-04   3.8432661507e-04   3.6365994710e-06   2.1866552542e-06  -1.4499442168e-06   0.0000000000e+00   2.3106751691e-05   2.3106751691e-05 elocal
   381       5166.6666667      -3299.8316455      -3299.8316455  -9.3575358716e-04  -5.4842386656e-04   3.8732972059e-04  -1.9846206667e-07  -1.9159855313e-07   6.8635135386e-09   0.0000000000e+00   4.0488523372e-05   4.0488523372e-05 elocal
   382       5333.3333333      -3417.6827757      -3417.6827757  -9.2331687865e-04  -5.3946158286e-04   3.8385529579e-04  -3.3277036548e-06  -2.0424818337e-06   1.2852218211e-06   0.0000000000e+00   2.2935530074e-05   2.2935530074e-05 elocal
   383       5666.6666667      -3299.8316455      -3299.8316455  -9.2711324310e-04  -5.4298441735e-04   3.8412882575e-04  -6.8454020332e-06  -4.1637564609e-06   2.6816455722e-06   0.0000000000e+00   3.9863061788e-05   3.9863061788e-05 elocal
   384       5833.3333333      -3417.6827757      -3417.6827757  -9.1238498837e-04  -5.3248192643e-04   3.7990306195e-04  -1.0172282712e-05  -6.2023844590e-06   3.9698982527e-06   0.0000000000e+00   2.2195934719e-05   2.2195934719e-05 elocal
   385       6166.6666667      -3299.8316455      -3299.8316455  -9.0853373789e-04  -5.3124052561e-04   3.7729321228e-04  -1.3246780804e-05  -7.9997301722e-06   5.2470506319e-06   0.0000000000e+00   3.8474867726e-05   3.8474867726e-05 elocal
   386       6333.3333333      -3417.6827757      -3417.6827757  -8.9160910407e-04  -5.1930364833e-04   3.7230545574e-04  -1.6662157475e-05  -1.0154305461e-05   6.5078520136e-06   0.0000000000e+00   2.0905135011e-05   2.0905135011e-05 elocal
   387       6666.6666667      -3299.8316455      -3299.8316455  -8.7951440060e-04  -5.1297815880e-04   3.6653624181e-04  -1.9149069081e-05  -1.1549249373e-05   7.5998197074e-06   0.0000000000e+00   3.6342167539e-05   3.6342167539e-05 elocal
   388       6833.3333333      -3417.6827757      -3417.6827757  -8.6042407035e-04  -4.9969392306e-04   3.6073014729e-04  -2.2520434891e-05  -1.3726442278e-05   8.7939926130e-06   0.0000000000e+00   1.9096872091e-05   1.9096872091e-05 elocal
   389       7166.6666667      -3299.8316455      -3299.8316455  -8.3921713700e-04  -4.8784771957e-04   3.5136941743e-04  -2.4238296565e-05  -1.4613861915e-05   9.6244346506e-06   0.0000000000e+00   3.3498661284e-05   3.3498661284e-05 elocal
   390       7333.3333333      -3417.6827757      -3417.6827757  -8.1790074842e-04  -4.7327546165e-04   3.4462528678e-04  -2.7410937014e-05  -1.6701001726e-05   1.0709935289e-05   0.0000000000e+00   1.6826558690e-05   1.6826558690e-05 elocal
   391       7666.6666667      -3299.8316455      -3299.8316455  -7.8632167354e-04  -4.5530678264e-04   3.3101489090e-04  -2.8124541149e-05  -1.6936803454e-05   1.1187737695e-05   0.0000000000e+00   2.9998712855e-05   2.9998712855e-05 elocal
   392       7833.3333333      -3417.6827757      -3417.6827757  -7.6256069182e-04  -4.3944723486e-04   3.2311345695e-04  -3.0929450041e-05  -1.8810247489e-05   1.2119202552e-05   0.0000000000e+00   1.4177740249e-05   1.4177740249e-05 elocal
   393       8166.6666667      -3299.8316455      -3299.8316455  -7.1868904633e-04  -4.1446781427e-04   3.0422123206e-04  -3.0333888847e-05  -1.8203259670e-05   1.2130629177e-05   0.0000000000e+00   2.5921278363e-05   2.5921278363e-05 elocal
   394       8333.3333333      -3417.6827757      -3417.6827757  -6.9194861329e-04  -3.9718261304e-04   2.9476600025e-04  -3.2601748266e-05  -1.9742621331e-05   1.2859126934e-05   0.0000000000e+00   1.1269116507e-05   1.1269116507e-05 elocal
   395       8666.6666667      -3299.8316455      -3299.8316455  -6.3253124272e-04  -3.6369380579e-04   2.6883743693e-04  -3.0294324980e-05  -1.8046288292e-05   1.2248036687e-05   0.0000000000e+00   2.1368250165e-05   2.1368250165e-05 elocal
   396       8833.3333333      -3417.6827757      -3417.6827757  -6.0156138304e-04  -3.4449832346e-04   2.5706305958e-04  -3.1869055224e-05  -1.9150095623e-05   1.2718959601e-05   0.0000000000e+00   8.2625371920e-06   8.2625371920e-06 elocal
   397       9166.6666667      -3299.8316455      -3299.8316455  -5.2005353941e-04  -2.9941714714e-04   2.2063639227e-04  -2.7249949774e-05  -1.6025113535e-05   1.1224836239e-05   0.0000000000e+00   1.6447992111e-05   1.6447992111e-05 elocal
   398       9333.3333333      -3417.6827757      -3417.6827757  -4.8162496058e-04  -2.7683357428e-04   2.0479138630e-04  -2.7979323766e-05  -1.6613849751e-05   1.1365474016e-05   0.0000000000e+00   5.3784212608e-06   5.3784212608e-06 elocal
   399       9666.6666667      -3299.8316455      -3299.8316455  -3.6035964658e-04  -2.1157127491e-04   1.4878837167e-04  -1.9761112181e-05  -1.1399430020e-05   8.3616821615e-06   0.0000000000e+00   1.1193353648e-05   1.1193353648e-05 elocal
   400       9833.3333333      -3417.6827757      -3417.6827757  -3.0214423488e-04  -1.7955079081e-04   1.2259344407e-04  -1.9727745892e-05  -1.1533818603e-05   8.1939272894e-06   0.0000000000e+00   3.0581334094e-06   3.0581334094e-06 elocal
   401        166.6666667      -3653.3850361      -3653.3850361  -2.9879765869e-04  -1.7720744367e-04   1.2159021502e-04   1.6629752561e-05   1.0992091951e-05  -5.6376606103e-06   0.0000000000e+00   3.3032331041e-06   3.3032331041e-06 elocal
   402        333.3333333      -3771.2361663      -3771.2361663  -3.5106546899e-04  -2.0512478482e-04   1.4594068417e-04   2.4771741444e-05   1.5720561686e-05  -9.0511797573e-06   0.0000000000e+00  -2.0048081338e-06  -2.0048081338e-06 elocal
   403        666.6666667      -3653.3850361      -3653.3850361  -4.7538966972e-04  -2.7237288770e-04   2.0301678202e-04   2.8190988459e-05   1.7638009267e-05  -1.0552979192e-05   0.0000000000e+00   6.8729706802e-06   6.8729706802e-06 elocal
   404        833.3333333      -3771.2361663      -3771.2361663  -5.0407220646e-04  -2.8825891887e-04   2.1581328760e-04   3.2106819022e-05   2.0100127641e-05  -1.2006691381e-05   0.0000000000e+00  -9.1753459596e-07  -9.1753459596e-07 elocal
   405       1166.6666667      -3653.3850361      -3653.3850361  -5.9239386191e-04  -3.3786756521e-04   2.5452629669e-04   3.3116725180e-05   2.0630559726e-05  -1.2486165453e-05   0.0000000000e+00   1.0271781992e-05   1.0271781992e-05 elocal
   406       1333.3333333      -3771.2361663      -3771.2361663  -6.1039826879e-04  -3.4806624689e-04   2.6233202190e-04   3.5146787107e-05   2.2000370154e-05  -1.3146416953e-05   0.0000000000e+00   6.3495886031e-07   6.3495886031e-07 elocal
   407       1666.6666667      -3653.3850361      -3653.3850361  -6.7995480117e-04  -3.8845834880e-04   2.9149645237e-04   3.4540344984e-05   2.1527413488e-05  -1.3012931495e-05   0.0000000000e+00   1.3493343582e-05   1.3493343582e-05 elocal
   408       1833.3333333      -3771.2361663      -3771.2361663  -6.9091476340e-04  -3.9470348847e-04   2.9621127494e-04   3.5248102240e-05   2.2101295841e-05  -1.3146806399e-05   0.0000000000e+00   2.3103212565e-06   2.3103212565e-06 elocal
   409       2166.6666667      -3653.3850361      -3653.3850361  -7.4795546038e-04  -4.2880367746e-04   3.1915178291e-04   3.3406865522e-05   2.0829818606e-05  -1.2577046916e-05   0.0000000000e+00   1.6452981944e-05   1.6452981944e-05 elocal
   410       2333.3333333      -3771.2361663      -3771.2361663  -7.5355022385e-04  -4.3188094040e-04   3.2166928345e-04   3.3089243350e-05   2.0775146240e-05  -1.2314097110e-05   0.0000000000e+00   3.9422254829e-06   3.9422254829e-06 elocal
   411       2666.6666667      -3653.3850361      -3653.3850361  -8.0098988800e-04  -4.6095963113e-04   3.4003025687e-04   3.0306833012e-05   1.8886108914e-05  -1.1420724098e-05   0.0000000000e+00   1.9066673236e-05   1.9066673236e-05 elocal
   412       2833.3333333      -3771.2361663      -3771.2361663  -8.0220610745e-04  -4.6133610308e-04   3.4087000437e-04   2.9169883230e-05   1.8323756115e-05  -1.0846127115e-05   0.0000000000e+00   5.4162606765e-06   5.4162606765e-06 elocal
   413       3166.6666667      -3653.3850361      -3653.3850361  -8.4156985632e-04  -4.8599340865e-04   3.5557644767e-04   2.5709180302e-05   1.5993210162e-05  -9.7159701402e-06   0.0000000000e+00   2.1261984023e-05   2.1261984023e-05 elocal
   414       3333.3333333      -3771.2361663      -3771.2361663  -8.3907786406e-04  -4.8400105525e-04   3.5507680881e-04   2.3912964629e-05   1.5017056894e-05  -8.8959077355e-06   0.0000000000e+00   6.6494512907e-06   6.6494512907e-06 elocal
   415       3666.6666667      -3653.3850361      -3653.3850361  -8.7119801188e-04  -5.0451962046e-04   3.6667839142e-04   2.0011999634e-05   1.2410081429e-05  -7.6019182050e-06   0.0000000000e+00   2.2982749087e-05   2.2982749087e-05 elocal
   416       3833.3333333      -3771.2361663      -3771.2361663  -8.6549353311e-04  -5.0042036797e-04   3.6507316513e-04   1.7686929383e-05   1.1094748511e-05  -6.5921808717e-06   0.0000000000e+00   7.5829680189e-06   7.5829680189e-06 elocal
   417       4166.6666667      -3653.3850361      -3653.3850361  -8.9080579073e-04  -5.1691241116e-04   3.7389337957e-04   1.3556673077e-05   8.3579792451e-06  -5.1986938315e-06   0.0000000000e+00   2.4189200125e-05   2.4189200125e-05 elocal
   418       4333.3333333      -3771.2361663      -3771.2361663  -8.8227168129e-04  -5.1092392524e-04   3.7134775605e-04   1.0813415461e-05   6.7652095980e-06  -4.0482058632e-06   0.0000000000e+00   8.1776518051e-06   8.1776518051e-06 elocal
   419       4666.6666667      -3653.3850361      -3653.3850361  -9.0095048895e-04  -5.2339494688e-04   3.7755554207e-04   6.6385621736e-06   4.0241630330e-06  -2.6143991406e-06   0.0000000000e+00   2.4855968455e-05   2.4855968455e-05 elocal
   420       4833.3333333      -3771.2361663      -3771.2361663  -8.8988709553e-04  -5.1570239030e-04   3.7418470523e-04   3.5768610335e-06   2.2096509527e-06  -1.3672100807e-06   0.0000000000e+00   8.4106056712e-06   8.4106056712e-06 elocal
   421       5166.6666667      -3653.3850361      -3653.3850361  -9.0190650535e-04  -5.2407709718e-04   3.7782940816e-04  -4.7823559874e-07  -4.2837376970e-07   4.9861829045e-08   0.0000000000e+00   2.4969700831e-05   2.4969700831e-05 elocal
   422       5333.3333333      -3771.2361663      -3771.2361663  -8.8854798436e-04  -5.1483982491e-04   3.7370815946e-04  -3.7610767953e-06  -2.4081195141e-06   1.3529572812e-06   0.0000000000e+00   8.2728299494e-06   8.2728299494e-06 elocal
   423       5666.6666667      -3653.3850361      -3653.3850361  -8.9370364527e-04  -5.1896977787e-04   3.7473386740e-04  -7.5420883380e-06  -4.8466891568e-06   2.6953991812e-06   0.0000000000e+00   2.4527386604e-05   2.4527386604e-05 elocal
   424       5833.3333333      -3771.2361663      -3771.2361663  -8.7822607464e-04  -5.0832572167e-04   3.6990035298e-04  -1.0943657224e-05  -6.9283678222e-06   4.0152894014e-06   0.0000000000e+00   7.7681460498e-06   7.7681460498e-06 elocal
   425       6166.6666667      -3653.3850361      -3653.3850361  -8.7613244030e-04  -5.0798688442e-04   3.6814555588e-04  -1.4293217953e-05  -9.0718038321e-06   5.2214141209e-06   0.0000000000e+00   2.3535947020e-05   2.3535947020e-05 elocal
   426       6333.3333333      -3771.2361663      -3771.2361663  -8.5865414933e-04  -4.9605438060e-04   3.6259976873e-04  -1.7700373833e-05  -1.1181229531e-05   6.5191443024e-06   0.0000000000e+00   6.9135432874e-06   6.9135432874e-06 elocal
   427       6666.6666667      -3653.3850361      -3653.3850361  -8.4871845647e-04  -4.9093594096e-04   3.5778251551e-04  -2.0444052657e-05  -1.2923550982e-05   7.5205016751e-06   0.0000000000e+00   2.2013164481e-05   2.2013164481e-05 elocal
   428       6833.3333333      -3771.2361663      -3771.2361663  -8.2928901747e-04  -4.7781051165e-04   3.5147850582e-04  -2.3730348791e-05  -1.4974438553e-05   8.7559102375e-06   0.0000000000e+00   5.7408742626e-06   5.7408742626e-06 elocal
   429       7166.6666667      -3653.3850361      -3653.3850361  -8.1065085623e-04  -4.6748946463e-04   3.4316139160e-04  -2.5663244123e-05  -1.6189185631e-05   9.4740584918e-06   0.0000000000e+00   1.9989559281e-05   1.9989559281e-05 elocal
   430       7333.3333333      -3771.2361663      -3771.2361663  -7.8921992802e-04  -4.5323014927e-04   3.3598977874e-04  -2.8690356393e-05  -1.8085658288e-05   1.0604698105e-05   0.0000000000e+00   4.2996089224e-06   4.2996089224e-06 elocal
   431       7666.6666667      -3653.3850361      -3653.3850361  -7.6062307404e-04  -4.3711436465e-04   3.2350870938e-04  -2.9564878648e-05  -1.8618078663e-05   1.0946799985e-05   0.0000000000e+00   1.7510254267e-05   1.7510254267e-05 elocal
   432       7833.3333333      -3771.2361663      -3771.2361663  -7.3696978336e-04  -4.2170865602e-04   3.1526112734e-04  -3.2188236985e-05  -2.0261132899e-05   1.1927104086e-05   0.0000000000e+00   2.6602385268e-06   2.6602385268e-06 elocal
   433       8166.6666667      -3653.3850361      -3653.3850361  -6.9648003015e-04  -3.9890370993e-04   2.9757632021e-04  -3.1699818560e-05  -1.9922357477e-05   1.1777461083e-05   0.0000000000e+00   1.4635070065e-05   1.4635070065e-05 elocal
   434       8333.3333333      -3771.2361663      -3771.2361663  -6.7005578067e-04  -3.8218613869e-04   2.8786964197e-04  -3.3776520181e-05  -2.1218973834e-05   1.2557546346e-05   0.0000000000e+00   9.1819890112e-07   9.1819890112e-07 elocal
   435       8666.6666667      -3653.3850361      -3653.3850361  -6.1438036263e-04  -3.5116098969e-04   2.6321937293e-04  -3.1531164800e-05  -1.9775016909e-05   1.1756147891e-05   0.0000000000e+00   1.1433671443e-05   1.1433671443e-05 elocal
   436       8833.3333333      -3771.2361663      -3771.2361663  -5.8392169238e-04  -3.3261266282e-04   2.5130902956e-04  -3.2923087713e-05  -2.0645276430e-05   1.2277811283e-05   0.0000000000e+00  -8.0018515325e-07  -8.0018515325e-07 elocal
   437       9166.6666667      -3653.3850361      -3653.3850361  -5.0646853850e-04  -2.9022994309e-04   2.1623859541e-04  -2.8323710486e-05  -1.7769092130e-05   1.0554618355e-05   0.0000000000e+00   7.9683224818e-06   7.9683224818e-06 elocal
   438       9333.3333333      -3771.2361663      -3771.2361663  -4.6877108461e-04  -2.6835481578e-04   2.0041626883e-04  -2.8872524591e-05  -1.8137816263e-05   1.0734708327e-05   0.0000000000e+00  -2.3220847430e-06  -2.3220847430e-06 elocal
   439       9666.6666667      -3653.3850361      -3653.3850361  -3.5195333105e-04  -2.0601658808e-04   1.4593674297e-04  -2.0595238997e-05  -1.3157965192e-05   7.4372738046e-06   0.0000000000e+00   4.2166990873e-06   4.2166990873e-06 elocal
   440       9833.3333333      -3771.2361663      -3771.2361663  -2.9492626777e-04  -1.7485723721e-04   1.2006903057e-04  -2.0303630965e-05  -1.3046017972e-05   7.2576129935e-06   0.0000000000e+00  -3.2647044646e-06  -3.2647044646e-06 elocal
   441        166.6666667      -4006.9384267      -4006.9384267  -2.9114773819e-04  -1.7219909844e-04   1.1894863975e-04   1.7271916900e-05   1.2232562888e-05  -5.0393540122e-06   0.0000000000e+00  -2.9783189926e-06  -2.9783189926e-06 elocal
   442        333.3333333      -4124.7895569      -4124.7895569  -3.4132730276e-04  -1.9875818103e-04   1.4256912173e-04   2.5371651944e-05   1.6760834351e-05  -8.6108175926e-06   0.0000000000e+00  -8.4960379736e-06  -8.4960379736e-06 elocal
   443        666.6666667      -4006.9384267      -4006.9384267  -4.6181531253e-04  -2.6352858581e-04   1.9828672672e-04   2.9032296594e-05   1.8833551244e-05  -1.0198745350e-05   0.0000000000e+00  -7.6371018956e-07  -7.6371018956e-07 elocal
   444        833.3333333      -4124.7895569      -4124.7895569  -4.8857726082e-04  -2.7816149073e-04   2.1041577008e-04   3.2836889574e-05   2.1075147428e-05  -1.1761742146e-05   0.0000000000e+00  -8.6465133832e-06  -8.6465133832e-06 elocal
   445       1166.6666667      -4006.9384267      -4006.9384267  -5.7383824752e-04  -3.2561651243e-04   2.4822173508e-04   3.4019804445e-05   2.1746971192e-05  -1.2272833253e-05   0.0000000000e+00   1.3078087529e-06   1.3078087529e-06 elocal
   446       1333.3333333      -4124.7895569      -4124.7895569  -5.8995584619e-04  -3.3462215507e-04   2.5533369112e-04   3.5897332278e-05   2.2888937383e-05  -1.3008394895e-05   0.0000000000e+00  -8.2997119005e-06  -8.2997119005e-06 elocal
   447       1666.6666667      -4006.9384267      -4006.9384267  -6.5698792127e-04  -3.7310548822e-04   2.8388243304e-04   3.5449184784e-05   2.2567319175e-05  -1.2881865608e-05   0.0000000000e+00   3.2765731539e-06   3.2765731539e-06 elocal
   448       1833.3333333      -4124.7895569      -4124.7895569  -6.6610870220e-04  -3.7823891849e-04   2.8786978372e-04   3.5974506332e-05   2.2909084303e-05  -1.3065422029e-05   0.0000000000e+00  -7.7499819283e-06  -7.7499819283e-06 elocal
   449       2166.6666667      -4006.9384267      -4006.9384267  -7.2114028872e-04  -4.1070292022e-04   3.1043736850e-04   3.4286028344e-05   2.1793597690e-05  -1.2492430654e-05   0.0000000000e+00   5.1009561480e-06   5.1009561480e-06 elocal
   450       2333.3333333      -4124.7895569      -4124.7895569  -7.2496963233e-04  -4.1276943317e-04   3.1220019916e-04   3.3762473767e-05   2.1503555133e-05  -1.2258918634e-05   0.0000000000e+00  -7.1256727358e-06  -7.1256727358e-06 elocal
   451       2666.6666667      -4006.9384267      -4006.9384267  -7.7093035457e-04  -4.4052271898e-04   3.3040763559e-04   3.1117237635e-05   1.9756680194e-05  -1.1360557441e-05   0.0000000000e+00   6.7304619701e-06   6.7304619701e-06 elocal
   452       2833.3333333      -4124.7895569      -4124.7895569  -7.7047550779e-04  -4.4000001770e-04   3.3047549010e-04   2.9758480787e-05   1.8959342418e-05  -1.0799138369e-05   0.0000000000e+00  -6.5131201274e-06  -6.5131201274e-06 elocal
   453       3166.6666667      -4006.9384267      -4006.9384267  -8.0889787674e-04  -4.6366771180e-04   3.4523016494e-04   2.6402823472e-05   1.6735583499e-05  -9.6672399735e-06   0.0000000000e+00   8.1157686102e-06   8.1157686102e-06 elocal
   454       3333.3333333      -4124.7895569      -4124.7895569  -8.0484360606e-04  -4.6089148641e-04   3.4395211965e-04   2.4379679929e-05   1.5532506888e-05  -8.8471730414e-06   0.0000000000e+00  -5.9765089426e-06  -5.9765089426e-06 elocal
   455       3666.6666667      -4006.9384267      -4006.9384267  -8.3655204356e-04  -4.8076479442e-04   3.5578724914e-04   2.0537011012e-05   1.2979453952e-05  -7.5575570596e-06   0.0000000000e+00   9.2146819110e-06   9.2146819110e-06 elocal
   456       3833.3333333      -4124.7895569      -4124.7895569  -8.2940549083e-04  -4.7599773601e-04   3.5340775482e-04   1.7993366635e-05   1.1456315812e-05  -6.5370508227e-06   0.0000000000e+00  -5.5634014705e-06  -5.5634014705e-06 elocal
   457       4166.6666667      -4006.9384267      -4006.9384267  -8.5481647195e-04  -4.9218528659e-04   3.6263118536e-04   1.3866754142e-05   8.7111051401e-06  -5.1556490015e-06   0.0000000000e+00   9.9946552824e-06   9.9946552824e-06 elocal
   458       4333.3333333      -4124.7895569      -4124.7895569  -8.4497198540e-04  -4.8564612259e-04   3.5932586281e-04   1.0927838150e-05   6.9422951611e-06  -3.9855429891e-06   0.0000000000e+00  -5.3069895940e-06  -5.3069895940e-06 elocal
   459       4666.6666667      -4006.9384267      -4006.9384267  -8.6423641235e-04  -4.9814403746e-04   3.6609237488e-04   6.7024786472e-06   4.1300108048e-06  -2.5724678424e-06   0.0000000000e+00   1.0433326294e-05   1.0433326294e-05 elocal
   460       4833.3333333      -4124.7895569      -4124.7895569  -8.5200776814e-04  -4.9002109189e-04   3.6198667625e-04   3.4815843121e-06   2.1832740242e-06  -1.2983102879e-06   0.0000000000e+00  -5.2274526001e-06  -5.2274526001e-06 elocal
   461       5166.6666667      -4006.9384267      -4006.9384267  -8.6507822633e-04  -4.9874464638e-04   3.6633357995e-04  -6.6986572798e-07  -5.8116014352e-07   8.8705584452e-08   0.0000000000e+00   1.0518162200e-05   1.0518162200e-05 elocal
   462       5333.3333333      -4124.7895569      -4124.7895569  -8.5071538848e-04  -4.8920284022e-04   3.6151254826e-04  -4.0650058184e-06  -2.6399957539e-06   1.4250100645e-06   0.0000000000e+00  -5.3328518964e-06  -5.3328518964e-06 elocal
   463       5666.6666667      -4006.9384267      -4006.9384267  -8.5737227053e-04  -4.9399799557e-04   3.6337427496e-04  -7.9741992274e-06  -5.2467957778e-06   2.7274034496e-06   0.0000000000e+00   1.0245975534e-05   1.0245975534e-05 elocal
   464       5833.3333333      -4124.7895569      -4124.7895569  -8.4106867929e-04  -4.8318224673e-04   3.5788643255e-04  -1.1435703941e-05  -7.3496831721e-06   4.0860207694e-06   0.0000000000e+00  -5.6195194964e-06  -5.6195194964e-06 elocal
   465       6166.6666667      -4006.9384267      -4006.9384267  -8.4091865876e-04  -4.8382468715e-04   3.5709397161e-04  -1.4928481406e-05  -9.6871837617e-06   5.2412976447e-06   0.0000000000e+00   9.6227277999e-06   9.6227277999e-06 elocal
   466       6333.3333333      -4124.7895569      -4124.7895569  -8.2280973238e-04  -4.7185972857e-04   3.5095000381e-04  -1.8344020317e-05  -1.1761111469e-05   6.5829088475e-06   0.0000000000e+00  -6.0718745825e-06  -6.0718745825e-06 elocal
   467       6666.6666667      -4006.9384267      -4006.9384267  -8.1525780272e-04  -4.6804246175e-04   3.4721534096e-04  -2.1229685536e-05  -1.3708142313e-05   7.5215432225e-06   0.0000000000e+00   8.6636832261e-06   8.6636832261e-06 elocal
   468       6833.3333333      -4124.7895569      -4124.7895569  -7.9540748117e-04  -4.5502693592e-04   3.4038054525e-04  -2.4480325004e-05  -1.5674476694e-05   8.8058483101e-06   0.0000000000e+00  -6.6617217373e-06  -6.6617217373e-06 elocal
   469       7166.6666667      -4006.9384267      -4006.9384267  -7.7959128407e-04  -4.4633078283e-04   3.3326050124e-04  -2.6541334448e-05  -1.7093486522e-05   9.4478479257e-06   0.0000000000e+00   7.3936031592e-06   7.3936031592e-06 elocal
   470       7333.3333333      -4124.7895569      -4124.7895569  -7.5795851365e-04  -4.3232081379e-04   3.2563769987e-04  -2.9501953702e-05  -1.8869797295e-05   1.0632156407e-05   0.0000000000e+00  -7.3471992471e-06  -7.3471992471e-06 elocal
   471       7666.6666667      -4006.9384267      -4006.9384267  -7.3261230953e-04  -4.1815085210e-04   3.1446145743e-04  -3.0483716940e-05  -1.9601442539e-05   1.0882274400e-05   0.0000000000e+00   5.8462619224e-06   5.8462619224e-06 elocal
   472       7833.3333333      -4124.7895569      -4124.7895569  -7.0897950135e-04  -4.0312324997e-04   3.0585625137e-04  -3.3025599952e-05  -2.1105559470e-05   1.1920040482e-05   0.0000000000e+00  -8.0715063187e-06  -8.0715063187e-06 elocal
   473       8166.6666667      -4006.9384267      -4006.9384267  -6.7214436619e-04  -3.8256823948e-04   2.8957612671e-04  -3.2621885496e-05  -2.0963244119e-05   1.1658641377e-05   0.0000000000e+00   4.0620297217e-06   4.0620297217e-06 elocal
   474       8333.3333333      -4124.7895569      -4124.7895569  -6.4596318501e-04  -3.6634023163e-04   2.7962295338e-04  -3.4615224069e-05  -2.2117995468e-05   1.2497228601e-05   0.0000000000e+00  -8.7610384663e-06  -8.7610384663e-06 elocal
   475       8666.6666667      -4006.9384267      -4006.9384267  -5.9430703360e-04  -3.3783499369e-04   2.5647203991e-04  -3.2431621403e-05  -2.0873895910e-05   1.1557725494e-05   0.0000000000e+00   2.0811902138e-06   2.0811902138e-06 elocal
   476       8833.3333333      -4124.7895569      -4124.7895569  -5.6432320608e-04  -3.1987095859e-04   2.4445224749e-04  -3.3740911106e-05  -2.1608177128e-05   1.2132733978e-05   0.0000000000e+00  -9.3207280833e-06  -9.3207280833e-06 elocal
   477       9166.6666667      -4006.9384267      -4006.9384267  -4.9123183151e-04  -2.8024041514e-04   2.1099141637e-04  -2.9171501848e-05  -1.8937834731e-05   1.0233667117e-05   0.0000000000e+00  -7.3251561000e-08  -7.3251561000e-08 elocal
   478       9333.3333333      -4124.7895569      -4124.7895569  -4.5429665472e-04  -2.5904996226e-04   1.9524669246e-04  -2.9619271964e-05  -1.9170586837e-05   1.0448685127e-05   0.0000000000e+00  -9.6182763218e-06  -9.6182763218e-06 elocal
   479       9666.6666667      -4006.9384267      -4006.9384267  -3.4234354278e-04  -1.9973825359e-04   1.4260528919e-04  -2.1300624695e-05  -1.4386642674e-05   6.9139820214e-06   0.0000000000e+00  -2.4682272759e-06  -2.4682272759e-06 elocal
   480       9833.3333333      -4124.7895569      -4124.7895569  -2.8665874052e-04  -1.6949130994e-04   1.1716743058e-04  -2.0801977168e-05  -1.4093904641e-05   6.7080725274e-06   0.0000000000e+00  -9.3211480068e-06  -9.3211480068e-06 elocal
   481        166.6666667      -4360.4918173      -4360.4918173  -2.8239851512e-04   1.1587188586e-04   3.9827040098e-04   1.7912475489e-05  -4.7913224239e-06  -2.2703797913e-05   0.0000000000e+00  -8.9976103166e-06  -8.9976103166e-06 elocal
   482        333.3333333      -4478.3429475      -4478.3429475  -3.3024006809e-04  -1.9165406187e-04   1.3858600622e-04   2.5975075644e-05   1.7489547498e-05  -8.4855281461e-06   0.0000000000e+00  -1.4675977973e-05  -1.4675977973e-05 elocal
   483        666.6666667      -4360.4918173      -4360.4918173  -4.4648650856e-04  -2.5380860080e-04   1.9267790776e-04   2.9840378850e-05   1.9673139448e-05  -1.0167239402e-05   0.0000000000e+00  -8.0364250924e-06  -8.0364250924e-06 elocal
   484        833.3333333      -4478.3429475      -4478.3429475  -4.7111185759e-04  -2.6712970585e-04   2.0398215174e-04   3.3540202334e-05   2.1735429816e-05  -1.1804772518e-05   0.0000000000e+00  -1.5967448231e-05  -1.5967448231e-05 elocal
   485       1166.6666667      -4360.4918173      -4360.4918173  -5.5310159354e-04  -3.1240022264e-04   2.4070137091e-04   3.4831427200e-05   2.2486939991e-05  -1.2344487209e-05   0.0000000000e+00  -7.1868847844e-06  -7.1868847844e-06 elocal
   486       1333.3333333      -4478.3429475      -4478.3429475  -5.6710914442e-04  -3.2014352368e-04   2.4696562074e-04   3.6558953081e-05   2.3441181065e-05  -1.3117772016e-05   0.0000000000e+00  -1.6730042115e-05  -1.6730042115e-05 elocal
   487       1666.6666667      -4360.4918173      -4360.4918173  -6.3152635913e-04  -3.5674690192e-04   2.7477945721e-04   3.6191619885e-05   2.3201922455e-05  -1.2989697430e-05   0.0000000000e+00  -6.3684368081e-06  -6.3684368081e-06 elocal
   488       1833.3333333      -4478.3429475      -4478.3429475  -6.3857453769e-04  -3.6068498831e-04   2.7788954938e-04   3.6537456799e-05   2.3353692741e-05  -1.3183764057e-05   0.0000000000e+00  -1.7213626690e-05  -1.7213626690e-05 elocal
   489       2166.6666667      -4360.4918173      -4360.4918173  -6.9158520512e-04  -3.9157208249e-04   3.0001312263e-04   3.4929065926e-05   2.2331169964e-05  -1.2597895962e-05   0.0000000000e+00  -5.5853357435e-06  -5.5853357435e-06 elocal
   490       2333.3333333      -4478.3429475      -4478.3429475  -6.9341174137e-04  -3.9253319859e-04   3.0087854278e-04   3.4208642440e-05   2.1853084791e-05  -1.2355557649e-05   0.0000000000e+00  -1.7512534222e-05  -1.7512534222e-05 elocal
   491       2666.6666667      -4360.4918173      -4360.4918173  -7.3793245656e-04  -4.1903186802e-04   3.1890058854e-04   3.1648232851e-05   2.0203997637e-05  -1.1444235214e-05   0.0000000000e+00  -4.8588907530e-06  -4.8588907530e-06 elocal
   492       2833.3333333      -4478.3429475      -4478.3429475  -7.3557302587e-04  -4.1751003763e-04   3.1806298824e-04   3.0086323589e-05   1.9225292197e-05  -1.0861031393e-05   0.0000000000e+00  -1.7688407325e-05  -1.7688407325e-05 elocal
   493       3166.6666667      -4360.4918173      -4360.4918173  -7.7312705132e-04  -4.4026064109e-04   3.3286641023e-04   2.6813924850e-05   1.7091768603e-05  -9.7221562463e-06   0.0000000000e+00  -4.2178915842e-06  -4.2178915842e-06 elocal
   494       3333.3333333      -4478.3429475      -4478.3429475  -7.6728709517e-04  -4.3660069481e-04   3.3068640036e-04   2.4592091236e-05   1.5720030478e-05  -8.8720607578e-06   0.0000000000e+00  -1.7788943809e-05  -1.7788943809e-05 elocal
   495       3666.6666667      -4360.4918173      -4360.4918173  -7.9868362462e-04  -4.5590060250e-04   3.4278302212e-04   2.0820363401e-05   1.3236425609e-05  -7.5839377923e-06   0.0000000000e+00  -3.6915296968e-06  -3.6915296968e-06 elocal
   496       3833.3333333      -4478.3429475      -4478.3429475  -7.8988518381e-04  -4.5036968759e-04   3.3951549622e-04   1.8092773437e-05   1.1564486238e-05  -6.5282871993e-06   0.0000000000e+00  -1.7851651623e-05  -1.7851651623e-05 elocal
   497       4166.6666667      -4360.4918173      -4360.4918173  -8.1552058583e-04  -4.6632624915e-04   3.4919433668e-04   1.4014893550e-05   8.8578109513e-06  -5.1570825988e-06   0.0000000000e+00  -3.3050167243e-06  -3.3050167243e-06 elocal
   498       4333.3333333      -4478.3429475      -4478.3429475  -8.0417018465e-04  -4.5914560646e-04   3.4502457819e-04   1.0915992963e-05   6.9674699146e-06  -3.9485230488e-06   0.0000000000e+00  -1.7904191098e-05  -1.7904191098e-05 elocal
   499       4666.6666667      -4360.4918173      -4360.4918173  -8.2417437676e-04  -4.7174987411e-04   3.5242450265e-04   6.7110999755e-06   4.1577297022e-06  -2.5533702733e-06   0.0000000000e+00  -3.0771379630e-06  -3.0771379630e-06 elocal
   500       4833.3333333      -4478.3429475      -4478.3429475  -8.1059763255e-04  -4.6311029818e-04   3.4748733437e-04   3.3613928110e-06   2.1231531437e-06  -1.2382396673e-06   0.0000000000e+00  -1.7964095582e-05  -1.7964095582e-05 elocal
   501       5166.6666667      -4360.4918173      -4360.4918173  -8.2490514022e-04  -4.7227223040e-04   3.5263290983e-04  -7.9920161858e-07  -6.7461612504e-07   1.2458549354e-07   0.0000000000e+00  -3.0190899797e-06  -3.0190899797e-06 elocal
   502       5333.3333333      -4478.3429475      -4478.3429475  -8.0936476726e-04  -4.6234184527e-04   3.4702292199e-04  -4.2878453674e-06  -2.7834963351e-06   1.5043490323e-06   0.0000000000e+00  -1.8038533170e-05  -1.8038533170e-05 elocal
   503       5666.6666667      -4360.4918173      -4360.4918173  -8.1774312681e-04  -4.6790419891e-04   3.4983892790e-04  -8.2330678794e-06  -5.4553620189e-06   2.7777058605e-06   0.0000000000e+00  -3.1340778584e-06  -3.1340778584e-06 elocal
   504       5833.3333333      -4478.3429475      -4478.3429475  -8.0044640056e-04  -4.5683160525e-04   3.4361479531e-04  -1.1752627849e-05  -7.5698544778e-06   4.1827733708e-06   0.0000000000e+00  -1.8124172249e-05  -1.8124172249e-05 elocal
   505       6166.6666667      -4360.4918173      -4360.4918173  -8.0249475514e-04  -4.5856958005e-04   3.4392517509e-04  -1.5303020554e-05  -9.9978734484e-06   5.3051471054e-06   0.0000000000e+00  -3.4173547986e-06  -3.4173547986e-06 elocal
   506       6333.3333333      -4478.3429475      -4478.3429475  -7.8359142995e-04  -4.4648265952e-04   3.3710877043e-04  -1.8745475924e-05  -1.2048466940e-05   6.6970089838e-06   0.0000000000e+00  -1.8207115915e-05  -1.8207115915e-05 elocal
   507       6666.6666667      -4360.4918173      -4360.4918173  -7.7871022081e-04  -4.4409005612e-04   3.3462016469e-04  -2.1704171323e-05  -1.4105192932e-05   7.5989783914e-06   0.0000000000e+00  -3.8566555787e-06  -3.8566555787e-06 elocal
   508       6833.3333333      -4478.3429475      -4478.3429475  -7.5827817674e-04  -4.3108867868e-04   3.2718949806e-04  -2.4958926274e-05  -1.6020824632e-05   8.9381016416e-06   0.0000000000e+00  -1.8262938239e-05  -1.8262938239e-05 elocal
   509       7166.6666667      -4360.4918173      -4360.4918173  -7.4559871200e-04  -4.2414488555e-04   3.2145382646e-04  -2.7102583716e-05  -1.7564232596e-05   9.5383511204e-06   0.0000000000e+00  -4.4332687911e-06  -4.4332687911e-06 elocal
   510       7333.3333333      -4478.3429475      -4478.3429475  -7.2360985946e-04  -4.1028327156e-04   3.1332658790e-04  -3.0055171029e-05  -1.9272967306e-05   1.0782203724e-05   0.0000000000e+00  -1.8256913507e-05  -1.8256913507e-05 elocal
   511       7666.6666667      -4360.4918173      -4360.4918173  -7.0185205756e-04  -3.9818473030e-04   3.0366732726e-04  -3.1123922667e-05  -2.0141900477e-05   1.0982022190e-05   0.0000000000e+00  -5.1242915722e-06  -5.1242915722e-06 elocal
   512       7833.3333333      -4478.3429475      -4478.3429475  -6.7810149698e-04  -3.8343442855e-04   2.9466706842e-04  -3.3655285892e-05  -2.1572553529e-05   1.2082732363e-05   0.0000000000e+00  -1.8144403538e-05  -1.8144403538e-05 elocal
   513       8166.6666667      -4360.4918173      -4360.4918173  -6.4527946152e-04  -3.6524950053e-04   2.8002996099e-04  -3.3336650476e-05  -2.1580581426e-05   1.1756069049e-05   0.0000000000e+00  -5.9069699709e-06  -5.9069699709e-06 elocal
   514       8333.3333333      -4478.3429475      -4478.3429475  -6.1923501083e-04  -3.4942112803e-04   2.6981388280e-04  -3.5320745055e-05  -2.2663794178e-05   1.2656950877e-05   0.0000000000e+00  -1.7870740454e-05  -1.7870740454e-05 elocal
   515       8666.6666667      -4360.4918173      -4360.4918173  -5.7198230423e-04  -3.2355313353e-04   2.4842917070e-04  -3.3209646779e-05  -2.1582599329e-05   1.1627047450e-05   0.0000000000e+00  -6.7668540486e-06  -6.7668540486e-06 elocal
   516       8833.3333333      -4478.3429475      -4478.3429475  -5.4242060471e-04  -3.0610990756e-04   2.3631069715e-04  -3.4502552330e-05  -2.2247372568e-05   1.2255179763e-05   0.0000000000e+00  -1.7367961343e-05  -1.7367961343e-05 elocal
   517       9166.6666667      -4360.4918173      -4360.4918173  -4.7412123804e-04  -2.6936032701e-04   2.0476091103e-04  -2.9971870558e-05  -1.9746399288e-05   1.0225471270e-05   0.0000000000e+00  -7.7150456277e-06  -7.7150456277e-06 elocal
   518       9333.3333333      -4478.3429475      -4478.3429475  -4.3797650356e-04  -2.4883692127e-04   1.8913958229e-04  -3.0366070452e-05  -1.9898219090e-05   1.0467851361e-05   0.0000000000e+00  -1.6539569955e-05  -1.6539569955e-05 elocal
   519       9666.6666667      -4360.4918173      -4360.4918173  -3.3142654255e-04  -1.9273137552e-04   1.3869516703e-04  -2.2004891200e-05  -1.5268153855e-05   6.7367373446e-06   0.0000000000e+00  -8.8567463941e-06  -8.8567463941e-06 elocal
   520       9833.3333333      -4478.3429475      -4478.3429475  -2.7724543057e-04  -1.6345657488e-04   1.1378885569e-04  -2.1315188399e-05  -1.4831373268e-05   6.4838151311e-06   0.0000000000e+00  -1.5099311402e-05  -1.5099311402e-05 elocal
   521        166.6666667      -4714.0452079      -4714.0452079  -2.7241552678e-04  -1.6016956394e-04   1.1224596283e-04   1.8629745026e-05   1.3788504133e-05  -4.8412408937e-06   0.0000000000e+00  -1.4754892622e-05  -1.4754892622e-05 elocal
   522        333.3333333      -4831.8963381      -4831.8963381  -3.1759151607e-04  -1.8374530058e-04   1.3384621549e-04   2.6661422053e-05   1.8031126224e-05  -8.6302958296e-06   0.0000000000e+00  -2.0559070874e-05  -2.0559070874e-05 elocal
   523        666.6666667      -4714.0452079      -4714.0452079  -4.2910950123e-04  -2.4309548395e-04   1.8601401728e-04   3.0727837653e-05   2.0307499089e-05  -1.0420338564e-05   0.0000000000e+00  -1.4988062341e-05  -1.4988062341e-05 elocal
   524        833.3333333      -4831.8963381      -4831.8963381  -4.5128468773e-04  -2.5499023268e-04   1.9629445505e-04   3.4312462143e-05   2.2215849388e-05  -1.2096612755e-05   0.0000000000e+00  -2.2935754467e-05  -2.2935754467e-05 elocal
   525       1166.6666667      -4714.0452079      -4714.0452079  -5.2974607968e-04  -2.9801132850e-04   2.3173475117e-04   3.5676501946e-05   2.3010676879e-05  -1.2665825067e-05   0.0000000000e+00  -1.5295554744e-05  -1.5295554744e-05 elocal
   526       1333.3333333      -4831.8963381      -4831.8963381  -5.4131517380e-04  -3.0436519017e-04   2.3694998363e-04   3.7229208236e-05   2.3795228381e-05  -1.3433979856e-05   0.0000000000e+00  -2.4748344203e-05  -2.4748344203e-05 elocal
   527       1666.6666667      -4714.0452079      -4714.0452079  -6.0302245523e-04  -3.3910624055e-04   2.6391621468e-04   3.6895813389e-05   2.3595268539e-05  -1.3300544850e-05   0.0000000000e+00  -1.5558802934e-05  -1.5558802934e-05 elocal
   528       1833.3333333      -4831.8963381      -4831.8963381  -6.0765966534e-04  -3.4170978489e-04   2.6594988045e-04   3.7031693446e-05   2.3572659559e-05  -1.3459033887e-05   0.0000000000e+00  -2.6202407407e-05  -2.6202407407e-05 elocal
   529       2166.6666667      -4714.0452079      -4714.0452079  -6.5867339402e-04  -3.7109236049e-04   2.8758103353e-04   3.5462150898e-05   2.2604543738e-05  -1.2857607160e-05   0.0000000000e+00  -1.5748314789e-05  -1.5748314789e-05 elocal
   530       2333.3333333      -4831.8963381      -4831.8963381  -6.5815775441e-04  -3.7080085540e-04   2.8735689901e-04   3.4517751021e-05   2.1956403645e-05  -1.2561347375e-05   0.0000000000e+00  -2.7361319624e-05  -2.7361319624e-05 elocal
   531       2666.6666667      -4714.0452079      -4714.0452079  -7.0134602512e-04  -3.9614996824e-04   3.0519605689e-04   3.2018571777e-05   2.0380308517e-05  -1.1638263260e-05   0.0000000000e+00  -1.5860657968e-05  -1.5860657968e-05 elocal
   532       2833.3333333      -4831.8963381      -4831.8963381  -6.9674878288e-04  -3.9347809729e-04   3.0327068560e-04   3.0235729101e-05   1.9243260231e-05  -1.0992468869e-05   0.0000000000e+00  -2.8266292432e-05  -2.8266292432e-05 elocal
   533       3166.6666667      -4714.0452079      -4714.0452079  -7.3359895491e-04  -4.1543393732e-04   3.1816501759e-04   2.7046972870e-05   1.7195029439e-05  -9.8519434311e-06   0.0000000000e+00  -1.5908153806e-05  -1.5908153806e-05 elocal
   534       3333.3333333      -4831.8963381      -4831.8963381  -7.2565051758e-04  -4.1073912594e-04   3.1491139164e-04   2.4619899498e-05   1.5682660947e-05  -8.9372385505e-06   0.0000000000e+00  -2.8952570152e-05  -2.8952570152e-05 elocal
   535       3666.6666667      -4714.0452079      -4714.0452079  -7.5693953894e-04  -4.2959658842e-04   3.2734295052e-04   2.0944678452e-05   1.3285946214e-05  -7.6587322379e-06   0.0000000000e+00  -1.5909983889e-05  -1.5909983889e-05 elocal
   536       3833.3333333      -4831.8963381      -4831.8963381  -7.4617862235e-04  -4.2315259516e-04   3.2302602719e-04   1.8036251304e-05   1.1495955859e-05  -6.5402954451e-06   0.0000000000e+00  -2.9450679151e-05  -2.9450679151e-05 elocal
   537       4166.6666667      -4714.0452079      -4714.0452079  -7.7227388234e-04  -4.3901441947e-04   3.3325946287e-04   1.4054900160e-05   8.8668026045e-06  -5.1880975558e-06   0.0000000000e+00  -1.5885847253e-05  -1.5885847253e-05 elocal
   538       4333.3333333      -4831.8963381      -4831.8963381  -7.5911906126e-04  -4.3104576416e-04   3.2807329710e-04   1.0804919222e-05   6.8847135826e-06  -3.9202056389e-06   0.0000000000e+00  -2.9784748550e-05  -2.9784748550e-05 elocal
   539       4666.6666667      -4714.0452079      -4714.0452079  -7.8012618373e-04  -4.4389782965e-04   3.3622835408e-04   6.6844578518e-06   4.1343756609e-06  -2.5500821909e-06   0.0000000000e+00  -1.5851856533e-05  -1.5851856533e-05 elocal
   540       4833.3333333      -4831.8963381      -4831.8963381  -7.6491353199e-04  -4.3459729644e-04   3.3031623555e-04   3.2156922254e-06   2.0365779021e-06  -1.1791143233e-06   0.0000000000e+00  -2.9970798573e-05  -2.9970798573e-05 elocal
   541       5166.6666667      -4714.0452079      -4714.0452079  -7.8074873113e-04  -4.4434543753e-04   3.3640329360e-04  -8.8207463959e-07  -7.2557066870e-07   1.5650397089e-07   0.0000000000e+00  -1.5818193836e-05  -1.5818193836e-05 elocal
   542       5333.3333333      -4831.8963381      -4831.8963381  -7.6375177628e-04  -4.3388299474e-04   3.2986878154e-04  -4.4586446098e-06  -2.8689882129e-06   1.5896563970e-06   0.0000000000e+00  -3.0015623169e-05  -3.0015623169e-05 elocal
   543       5666.6666667      -4714.0452079      -4714.0452079  -7.7417068529e-04  -4.4036784949e-04   3.3380283580e-04  -8.3691642842e-06  -5.5318915037e-06   2.8372727806e-06   0.0000000000e+00  -1.5788057334e-05  -1.5788057334e-05 elocal
   544       5833.3333333      -4831.8963381      -4831.8963381  -7.5560891634e-04  -4.2889414828e-04   3.2671476806e-04  -1.1949702810e-05  -7.6546746473e-06   4.2950281626e-06   0.0000000000e+00  -2.9916276472e-05  -2.9916276472e-05 elocal
   545       6166.6666667      -4714.0452079      -4714.0452079  -7.6020427916e-04  -4.3189065824e-04   3.2831362092e-04  -1.5497431999e-05  -1.0101428533e-05   5.3960034659e-06   0.0000000000e+00  -1.5757596718e-05  -1.5757596718e-05 elocal
   546       6333.3333333      -4831.8963381      -4831.8963381  -7.4024159616e-04  -4.1953567836e-04   3.2070591779e-04  -1.8981231502e-05  -1.2139295403e-05   6.8419360987e-06   0.0000000000e+00  -2.9660093917e-05  -2.9660093917e-05 elocal
   547       6666.6666667      -4714.0452079      -4714.0452079  -7.3841040231e-04  -4.1873772657e-04   3.1967267573e-04  -2.1970986303e-05  -1.4242685660e-05   7.7283006429e-06   0.0000000000e+00  -1.5716790630e-05  -1.5716790630e-05 elocal
   548       6833.3333333      -4831.8963381      -4831.8963381  -7.1714125768e-04  -4.0560318917e-04   3.1153806851e-04  -2.5256987779e-05  -1.6132165461e-05   9.1248223183e-06   0.0000000000e+00  -2.9225268191e-05  -2.9225268191e-05 elocal
   549       7166.6666667      -4714.0452079      -4714.0452079  -7.0801005028e-04  -4.0058766226e-04   3.0742238802e-04  -2.7464558203e-05  -1.7750159973e-05   9.7143982292e-06   0.0000000000e+00  -1.5651500895e-05  -1.5651500895e-05 elocal
   550       7333.3333333      -4831.8963381      -4831.8963381  -6.8542632399e-04  -3.8672940488e-04   2.9869691911e-04  -3.0447990759e-05  -1.9427950544e-05   1.1020040215e-05   0.0000000000e+00  -2.8582076200e-05  -2.8582076200e-05 elocal
   551       7666.6666667      -4714.0452079      -4714.0452079  -6.6770365540e-04  -3.7688380022e-04   2.9081985518e-04  -3.1608561498e-05  -2.0398781910e-05   1.1209779588e-05   0.0000000000e+00  -1.5547207224e-05  -1.5547207224e-05 elocal
   552       7833.3333333      -4831.8963381      -4831.8963381  -6.4362586090e-04  -3.6227559807e-04   2.8135026284e-04  -3.4176707685e-05  -2.1801009207e-05   1.2375698478e-05   0.0000000000e+00  -2.7694735460e-05  -2.7694735460e-05 elocal
   553       8166.6666667      -4714.0452079      -4714.0452079  -6.1530418433e-04  -3.4664971318e-04   2.6865447115e-04  -3.3965965459e-05  -2.1935498607e-05   1.2030466852e-05   0.0000000000e+00  -1.5395199803e-05  -1.5395199803e-05 elocal
   554       8333.3333333      -4831.8963381      -4831.8963381  -5.8923524003e-04  -3.3110746902e-04   2.5812777101e-04  -3.5990783449e-05  -2.2995468435e-05   1.2995315014e-05   0.0000000000e+00  -2.6523208841e-05  -2.6523208841e-05 elocal
   555       8666.6666667      -4714.0452079      -4714.0452079  -5.4692227868e-04  -3.0807848674e-04   2.3884379194e-04  -3.3981392131e-05  -2.2057877358e-05   1.1923514773e-05   0.0000000000e+00  -1.5202609014e-05  -1.5202609014e-05 elocal
   556       8833.3333333      -4831.8963381      -4831.8963381  -5.1769408570e-04  -2.9107995798e-04   2.2661412773e-04  -3.5302350576e-05  -2.2698602975e-05   1.2603747600e-05   0.0000000000e+00  -2.5022149186e-05  -2.5022149186e-05 elocal
   557       9166.6666667      -4714.0452079      -4714.0452079  -4.5478728321e-04  -2.5743721230e-04   1.9735007091e-04  -3.0830511272e-05  -2.0342983677e-05   1.0487527596e-05   0.0000000000e+00  -1.5010644857e-05  -1.5010644857e-05 elocal
   558       9333.3333333      -4831.8963381      -4831.8963381  -4.1944641816e-04  -2.3756084882e-04   1.8188556933e-04  -3.1199249221e-05  -2.0449880549e-05   1.0749368672e-05   0.0000000000e+00  -2.3127651901e-05  -2.3127651901e-05 elocal
   559       9666.6666667      -4714.0452079      -4714.0452079  -3.1901079472e-04  -1.8494085259e-04   1.3406994214e-04  -2.2791360723e-05  -1.5936260044e-05   6.8551006791e-06   0.0000000000e+00  -1.4959833138e-05  -1.4959833138e-05 elocal
   560       9833.3333333      -4831.8963381      -4831.8963381  -2.6650541675e-04  -1.5670608588e-04   1.0979933086e-04  -2.1903684739e-05  -1.5372461092e-05   6.5312236471e-06   0.0000000000e+00  -2.0599518236e-05  -2.0599518236e-05 elocal
   561        166.6666667      -5067.5985985      -5067.5985985  -2.6095806360e-04  -1.5304615435e-04   1.0791190925e-04   1.9475559689e-05   1.4331365690e-05  -5.1441939987e-06   0.0000000000e+00  -2.0260238259e-05  -2.0260238259e-05 elocal
   562        333.3333333      -5185.4497287      -5185.4497287  -3.0301822295e-04  -1.7488215689e-04   1.2813606606e-04   2.7471936028e-05   1.8471200370e-05  -9.0007356581e-06   0.0000000000e+00  -2.6168143110e-05  -2.6168143110e-05 elocal
   563        666.6666667      -5067.5985985      -5067.5985985  -4.0920370991e-04  -2.3117383824e-04   1.7802987168e-04   3.1752299644e-05   2.0837118256e-05  -1.0915181388e-05   0.0000000000e+00  -2.1674981222e-05  -2.1674981222e-05 elocal
   564        833.3333333      -5185.4497287      -5185.4497287  -4.2846583129e-04  -2.4144666779e-04   1.8701916349e-04   3.5181227345e-05   2.2595645644e-05  -1.2585581701e-05   0.0000000000e+00  -2.9619279901e-05  -2.9619279901e-05 elocal
   565       1166.6666667      -5067.5985985      -5067.5985985  -5.0309281647e-04  -2.8212066176e-04   2.2097215471e-04   3.6597813176e-05   2.3412325611e-05  -1.3185487565e-05   0.0000000000e+00  -2.3116345969e-05  -2.3116345969e-05 elocal
   566       1333.3333333      -5185.4497287      -5185.4497287  -5.1173628152e-04  -2.8687343906e-04   2.2486284246e-04   3.7910688797e-05   2.4018324756e-05  -1.3892364041e-05   0.0000000000e+00  -3.2460330323e-05  -3.2460330323e-05 elocal
   567       1666.6666667      -5067.5985985      -5067.5985985  -5.7065370052e-04  -3.1976993620e-04   2.5088376432e-04   3.7587582754e-05   2.3833474340e-05  -1.3754108414e-05   0.0000000000e+00  -2.4425739543e-05  -2.4425739543e-05 elocal
   568       1833.3333333      -5185.4497287      -5185.4497287  -5.7238578697e-04  -3.2081812610e-04   2.5156766087e-04   3.7440534869e-05   2.3623226665e-05  -1.3817308204e-05   0.0000000000e+00  -3.4849735975e-05  -3.4849735975e-05 elocal
   569       2166.6666667      -5067.5985985      -5067.5985985  -6.2149262927e-04  -3.4879659680e-04   2.7269603247e-04   3.5900628833e-05   2.2693116516e-05  -1.3207512317e-05   0.0000000000e+00  -2.5542650655e-05  -2.5542650655e-05 elocal
   570       2333.3333333      -5185.4497287      -5185.4497287  -6.1814676001e-04  -3.4702836419e-04   2.7111839581e-04   3.4665251752e-05   2.1864434380e-05  -1.2800817372e-05   0.0000000000e+00  -3.6823635996e-05  -3.6823635996e-05 elocal
   571       2666.6666667      -5067.5985985      -5067.5985985  -6.6021149488e-04  -3.7138176465e-04   2.8882973023e-04   3.2240085583e-05   2.0358598493e-05  -1.1881487090e-05   0.0000000000e+00  -2.6444625357e-05  -2.6444625357e-05 elocal
   572       2833.3333333      -5185.4497287      -5185.4497287  -6.5290050695e-04  -3.6733564506e-04   2.8556486189e-04   3.0183287469e-05   1.9059358648e-05  -1.1123928821e-05   0.0000000000e+00  -3.8409309473e-05  -3.8409309473e-05 elocal
   573       3166.6666667      -5067.5985985      -5067.5985985  -6.8933471765e-04  -3.8868184291e-04   3.0065287473e-04   2.7113620548e-05   1.7109725392e-05  -1.0003895156e-05   0.0000000000e+00  -2.7133659379e-05  -2.7133659379e-05 elocal
   574       3333.3333333      -5185.4497287      -5185.4497287  -6.7881546124e-04  -3.8272926415e-04   2.9608619709e-04   2.4444681209e-05   1.5460158855e-05  -8.9845223540e-06   0.0000000000e+00  -3.9635930149e-05  -3.9635930149e-05 elocal
   575       3666.6666667      -5067.5985985      -5067.5985985  -7.1033707840e-04  -4.0134641427e-04   3.0899066413e-04   2.0920946315e-05   1.3179601086e-05  -7.7413452289e-06   0.0000000000e+00  -2.7623962508e-05  -2.7623962508e-05 elocal
   576       3833.3333333      -5185.4497287      -5185.4497287  -6.9716429353e-04  -3.9376819688e-04   3.0339609666e-04   1.7810034925e-05   1.1280634263e-05  -6.5294006615e-06   0.0000000000e+00  -4.0531997124e-05  -4.0531997124e-05 elocal
   577       4166.6666667      -5067.5985985      -5067.5985985  -7.2409600226e-04  -4.0974664415e-04   3.1434935810e-04   1.3994528186e-05   8.7723038311e-06  -5.2222243550e-06   0.0000000000e+00  -2.7933193853e-05  -2.7933193853e-05 elocal
   578       4333.3333333      -5185.4497287      -5185.4497287  -7.0869887835e-04  -4.0077046342e-04   3.0792841493e-04   1.0583287114e-05   6.7102951268e-06  -3.8729919874e-06   0.0000000000e+00  -4.1121420117e-05  -4.1121420117e-05 elocal
   579       4666.6666667      -5067.5985985      -5067.5985985  -7.3111407988e-04  -4.1408749129e-04   3.1702658859e-04   6.6244112704e-06   4.0732349204e-06  -2.5511763499e-06   0.0000000000e+00  -2.8076840017e-05  -2.8076840017e-05 elocal
   580       4833.3333333      -5185.4497287      -5185.4497287  -7.1383759391e-04  -4.0390760612e-04   3.0992998779e-04   3.0335487004e-06   1.9235056135e-06  -1.1100430869e-06   0.0000000000e+00  -4.1420627475e-05  -4.1420627475e-05 elocal
   581       5166.6666667      -5067.5985985      -5067.5985985  -7.3163119232e-04  -4.1446396462e-04   3.1716722769e-04  -9.2381110951e-07  -7.4325306904e-07   1.8055804047e-07   0.0000000000e+00  -2.8065003921e-05  -2.8065003921e-05 elocal
   582       5333.3333333      -5185.4497287      -5185.4497287  -7.1275850044e-04  -4.0325151529e-04   3.0950698515e-04  -4.5885047931e-06  -2.9135295269e-06   1.6749752662e-06   0.0000000000e+00  -4.1436881476e-05  -4.1436881476e-05 elocal
   583       5666.6666667      -5067.5985985      -5067.5985985  -7.2567425371e-04  -4.1088593091e-04   3.1478832280e-04  -8.3942594829e-06  -5.5072818851e-06   2.8869775979e-06   0.0000000000e+00  -2.7900939833e-05  -2.7900939833e-05 elocal
   584       5833.3333333      -5185.4497287      -5185.4497287  -7.0543685846e-04  -3.9879321211e-04   3.0664364635e-04  -1.2036897454e-05  -7.6367103148e-06   4.4001871395e-06   0.0000000000e+00  -4.1167563306e-05  -4.1167563306e-05 elocal
   585       6166.6666667      -5067.5985985      -5067.5985985  -7.1306332012e-04  -4.0328115273e-04   3.0978216738e-04  -1.5527331059e-05  -1.0047272531e-05   5.4800585277e-06   0.0000000000e+00  -2.7580938918e-05  -2.7580938918e-05 elocal
   586       6333.3333333      -5185.4497287      -5185.4497287  -6.9164096292e-04  -3.9044076874e-04   3.0120019418e-04  -1.9057478522e-05  -1.2078309532e-05   6.9791689902e-06   0.0000000000e+00  -4.0600257821e-05  -4.0600257821e-05 elocal
   587       6666.6666667      -5067.5985985      -5067.5985985  -6.9337616019e-04  -3.9147765145e-04   3.0189850874e-04  -2.2046134231e-05  -1.4183832168e-05   7.8623020627e-06   0.0000000000e+00  -2.7095506550e-05  -2.7095506550e-05 elocal
   588       6833.3333333      -5185.4497287      -5185.4497287  -6.7088473977e-04  -3.7799555034e-04   2.9288918943e-04  -2.5374331225e-05  -1.6061093342e-05   9.3132378832e-06   0.0000000000e+00  -3.9713658432e-05  -3.9713658432e-05 elocal
   589       7166.6666667      -5067.5985985      -5067.5985985  -6.6585796087e-04  -3.7515851006e-04   2.9069945081e-04  -2.7641085593e-05  -1.7723193395e-05   9.9178921978e-06   0.0000000000e+00  -2.6432127242e-05  -2.6432127242e-05 elocal
   590       7333.3333333      -5185.4497287      -5185.4497287  -6.4231901324e-04  -3.6109747242e-04   2.8122154083e-04  -3.0673403127e-05  -1.9391523256e-05   1.1281879871e-05   0.0000000000e+00  -3.8479488016e-05  -3.8479488016e-05 elocal
   591       7666.6666667      -5067.5985985      -5067.5985985  -6.2923868860e-04  -3.5376993212e-04   2.7546875648e-04  -3.1949659864e-05  -2.0448915738e-05   1.1500744126e-05   0.0000000000e+00  -2.5580265521e-05  -2.5580265521e-05 elocal
   592       7833.3333333      -5185.4497287      -5185.4497287  -6.0451441458e-04  -3.3911533704e-04   2.6539907755e-04  -3.4579764399e-05  -2.1850357001e-05   1.2729407398e-05   0.0000000000e+00  -3.6865650902e-05  -3.6865650902e-05 elocal
   593       8166.6666667      -5067.5985985      -5067.5985985  -5.8136583694e-04  -3.2633586500e-04   2.5502997194e-04  -3.4524593724e-05  -2.2108495209e-05   1.2416098515e-05   0.0000000000e+00  -2.4539593287e-05  -2.4539593287e-05 elocal
   594       8333.3333333      -5185.4497287      -5185.4497287  -5.5501845230e-04  -3.1092304554e-04   2.4409540676e-04  -3.6620623291e-05  -2.3176613528e-05   1.3444009763e-05   0.0000000000e+00  -3.4840328979e-05  -3.4840328979e-05 elocal
   595       8666.6666667      -5067.5985985      -5067.5985985  -5.1839845384e-04  -2.9105164650e-04   2.2734680735e-04  -3.4771629746e-05  -2.2385144125e-05   1.2386485621e-05   0.0000000000e+00  -2.3332922505e-05  -2.3332922505e-05 elocal
   596       8833.3333333      -5185.4497287      -5185.4497287  -4.8934720158e-04  -2.7439159528e-04   2.1495560630e-04  -3.6151007181e-05  -2.3033016243e-05   1.3117990938e-05   0.0000000000e+00  -3.2374607244e-05  -3.2374607244e-05 elocal
   597       9166.6666667      -5067.5985985      -5067.5985985  -4.3267950070e-04  -2.4421505822e-04   1.8846444249e-04  -3.1786566585e-05  -2.0819079347e-05   1.0967487238e-05   0.0000000000e+00  -2.2027524729e-05  -2.2027524729e-05 elocal
   598       9333.3333333      -5185.4497287      -5185.4497287  -3.9812273880e-04  -2.2495252004e-04   1.7317021877e-04  -3.2148340710e-05  -2.0905495238e-05   1.1242845472e-05   0.0000000000e+00  -2.9434064996e-05  -2.9434064996e-05 elocal
   599       9666.6666667      -5067.5985985      -5067.5985985  -3.0477245725e-04  -1.7623856558e-04   1.2853389167e-04  -2.3705478615e-05  -1.6484568066e-05   7.2209105486e-06   0.0000000000e+00  -2.0799148846e-05  -2.0799148846e-05 elocal
   600       9833.3333333      -5185.4497287      -5185.4497287  -2.5413000666e-04  -1.4912108000e-04   1.0500892666e-04  -2.2600020150e-05  -1.5798202996e-05   6.8018171538e-06   0.0000000000e+00  -2.5828032378e-05  -2.5828032378e-05 elocal
   601        166.6666667      -5421.1519891      -5421.1519891  -2.4761668582e-04  -1.4498261846e-04   1.0263406736e-04   2.0477295507e-05   1.4817809327e-05  -5.6594861794e-06   0.0000000000e+00  -2.5528458803e-05  -2.5528458803e-05 elocal
   602        333.3333333      -5539.0031193      -5539.0031193  -2.8590532068e-04  -1.6478241150e-04   1.2112290918e-04   2.8404309737e-05   1.8858066918e-05  -9.5462428193e-06   0.0000000000e+00  -3.1531025056e-05  -3.1531025056e-05 elocal
   603        666.6666667      -5421.1519891      -5421.1519891  -3.8598222355e-04  -2.1766990861e-04   1.6831231494e-04   3.2910056403e-05   2.1314127005e-05  -1.1595929398e-05   0.0000000000e+00  -2.8167696055e-05  -2.8167696055e-05 elocal
   604        833.3333333      -5539.0031193      -5539.0031193  -4.0162263830e-04  -2.2599678393e-04   1.7562585438e-04   3.6086890355e-05   2.2893847211e-05  -1.3193043144e-05   0.0000000000e+00  -3.6100471732e-05  -3.6100471732e-05 elocal
   605       1166.6666667      -5421.1519891      -5421.1519891  -4.7207060210e-04  -2.6420009629e-04   2.0787050581e-04   3.7540853076e-05   2.3718368224e-05  -1.3822484851e-05   0.0000000000e+00  -3.0765521050e-05  -3.0765521050e-05 elocal
   606       1333.3333333      -5539.0031193      -5539.0031193  -4.7704732630e-04  -2.6700831663e-04   2.1003900967e-04   3.8483473526e-05   2.4098774215e-05  -1.4384699311e-05   0.0000000000e+00  -3.9988130352e-05  -3.9988130352e-05 elocal
   607       1666.6666667      -5421.1519891      -5421.1519891  -5.3316276935e-04  -2.9810558813e-04   2.3505718122e-04   3.8173183152e-05   2.3922825710e-05  -1.4250357443e-05   0.0000000000e+00  -3.3116904063e-05  -3.3116904063e-05 elocal
   608       1833.3333333      -5539.0031193      -5539.0031193  -5.3125240154e-04  -2.9725217629e-04   2.3400022525e-04   3.7609827535e-05   2.3475544765e-05  -1.4134282769e-05   0.0000000000e+00  -4.3301066091e-05  -4.3301066091e-05 elocal
   609       2166.6666667      -5421.1519891      -5421.1519891  -5.7867887823e-04  -3.2399023068e-04   2.5468864755e-04   3.6136069056e-05   2.2594109891e-05  -1.3541959165e-05   0.0000000000e+00  -3.5134823657e-05  -3.5134823657e-05 elocal
   610       2333.3333333      -5539.0031193      -5539.0031193  -5.7178515477e-04  -3.2040346130e-04   2.5138169346e-04   3.4493502516e-05   2.1543344609e-05  -1.2950157907e-05   0.0000000000e+00  -4.6056470039e-05  -4.6056470039e-05 elocal
   611       2666.6666667      -5421.1519891      -5421.1519891  -6.1311044190e-04  -3.4399965454e-04   2.6911078736e-04   3.2211089414e-05   2.0135769963e-05  -1.2075319451e-05   0.0000000000e+00  -3.6787434756e-05  -3.6787434756e-05 elocal
   612       2833.3333333      -5539.0031193      -5539.0031193  -6.0238965156e-04  -3.3824271408e-04   2.6414693748e-04   2.9789374826e-05   1.8644654011e-05  -1.1144720815e-05   0.0000000000e+00  -4.8279194747e-05  -4.8279194747e-05 elocal
   613       3166.6666667      -5421.1519891      -5421.1519891  -6.3889165352e-04  -3.5926151151e-04   2.7963014201e-04   2.6931275254e-05   1.6836090146e-05  -1.0095185108e-05   0.0000000000e+00  -3.8076022248e-05  -3.8076022248e-05 elocal
   614       3333.3333333      -5539.0031193      -5539.0031193  -6.2512377498e-04  -3.5171845023e-04   2.7340532476e-04   2.3955182632e-05   1.5031409299e-05  -8.9237733332e-06   0.0000000000e+00  -5.0002156672e-05  -5.0002156672e-05 elocal
   615       3666.6666667      -5421.1519891      -5421.1519891  -6.5742483378e-04  -3.7040175193e-04   2.8702308185e-04   2.0690045218e-05   1.2920503741e-05  -7.7695414765e-06   0.0000000000e+00  -3.9017223616e-05  -3.9017223616e-05 elocal
   616       3833.3333333      -5539.0031193      -5539.0031193  -6.4117677822e-04  -3.6135897368e-04   2.7981780454e-04   1.7333882767e-05   1.0904296698e-05  -6.4295860685e-06   0.0000000000e+00  -5.1258705625e-05  -5.1258705625e-05 elocal
   617       4166.6666667      -5421.1519891      -5421.1519891  -6.6953367879e-04  -3.7777361593e-04   2.9176006286e-04   1.3797953565e-05   8.5779125732e-06  -5.2200409918e-06   0.0000000000e+00  -3.9631555667e-05  -3.9631555667e-05 elocal
   618       4333.3333333      -5539.0031193      -5539.0031193  -6.5124237583e-04  -3.6746093524e-04   2.8378144059e-04   1.0200879521e-05   6.4345278611e-06  -3.7663516602e-06   0.0000000000e+00  -5.2076811778e-05  -5.2076811778e-05 elocal
   619       4666.6666667      -5421.1519891      -5421.1519891  -6.7568505285e-04  -3.8156988834e-04   2.9411516451e-04   6.5168198362e-06   3.9759718897e-06  -2.5408479466e-06   0.0000000000e+00  -3.9936718645e-05  -3.9936718645e-05 elocal
   620       4833.3333333      -5539.0031193      -5539.0031193  -6.5570273234e-04  -3.7018249344e-04   2.8552023890e-04   2.7931350251e-06   1.7768027079e-06  -1.0163323172e-06   0.0000000000e+00  -5.2475669859e-05  -5.2475669859e-05 elocal
   621       5166.6666667      -5421.1519891      -5421.1519891  -6.7609979283e-04  -3.8187895692e-04   2.9422083591e-04  -9.1792637306e-07  -7.2913898905e-07   1.8878738401e-07   0.0000000000e+00  -3.9944038141e-05  -3.9944038141e-05 elocal
   622       5333.3333333      -5539.0031193      -5539.0031193  -6.5471883223e-04  -3.6958907676e-04   2.8512975547e-04  -4.6715145061e-06  -2.9223257789e-06   1.7491887272e-06   0.0000000000e+00  -5.2463984433e-05  -5.2463984433e-05 elocal
   623       5666.6666667      -5421.1519891      -5421.1519891  -6.7080142277e-04  -3.7870941904e-04   2.9209200373e-04  -8.2809312928e-06  -5.3856413244e-06   2.8952899684e-06   0.0000000000e+00  -3.9656920971e-05  -3.9656920971e-05 elocal
   624       5833.3333333      -5539.0031193      -5539.0031193  -6.4826641241e-04  -3.6567156129e-04   2.8259485111e-04  -1.1979818401e-05  -7.5182529064e-06   4.4615654950e-06   0.0000000000e+00  -5.2039317934e-05  -5.2039317934e-05 elocal
   625       6166.6666667      -5421.1519891      -5421.1519891  -6.5962184248e-04  -3.7199295742e-04   2.8762888506e-04  -1.5342966093e-05  -9.8401161402e-06   5.5028499530e-06   0.0000000000e+00  -3.9070754774e-05  -3.9070754774e-05 elocal
   626       6333.3333333      -5539.0031193      -5539.0031193  -6.3613157297e-04  -3.5834403892e-04   2.7778753405e-04  -1.8909915835e-05  -1.1862734331e-05   7.0471815040e-06   0.0000000000e+00  -5.1188211053e-05  -5.1188211053e-05 elocal
   627       6666.6666667      -5421.1519891      -5421.1519891  -6.4216618219e-04  -3.6156661007e-04   2.8059957212e-04  -2.1856444830e-05  -1.3931272382e-05   7.9251724485e-06   0.0000000000e+00  -3.8174176097e-05  -3.8174176097e-05 elocal
   628       6833.3333333      -5539.0031193      -5539.0031193  -6.1786455349e-04  -3.4742039576e-04   2.7044415773e-04  -2.5216491751e-05  -1.5797594418e-05   9.4188973330e-06   0.0000000000e+00  -4.9887109922e-05  -4.9887109922e-05 elocal
   629       7166.6666667      -5421.1519891      -5421.1519891  -6.1772352270e-04  -3.4712764597e-04   2.7059587673e-04  -2.7537230852e-05  -1.7482131700e-05   1.0055099153e-05   0.0000000000e+00  -3.6952119199e-05  -3.6952119199e-05 elocal
   630       7333.3333333      -5539.0031193      -5539.0031193  -5.9267360168e-04  -3.3256050610e-04   2.6011309558e-04  -3.0610653316e-05  -1.9146055049e-05   1.1464598267e-05   0.0000000000e+00  -4.8104452574e-05  -4.8104452574e-05 elocal
   631       7666.6666667      -5421.1519891      -5421.1519891  -5.8508591667e-04  -3.2814199563e-04   2.5694392104e-04  -3.2038029438e-05  -2.0288383084e-05   1.1749646354e-05   0.0000000000e+00  -3.5391617696e-05  -3.5391617696e-05 elocal
   632       7833.3333333      -5539.0031193      -5539.0031193  -5.5921172492e-04  -3.1316219099e-04   2.4604953392e-04  -3.4728935264e-05  -2.1698928389e-05   1.3030006875e-05   0.0000000000e+00  -4.5804561439e-05  -4.5804561439e-05 elocal
   633       8166.6666667      -5421.1519891      -5421.1519891  -5.4218357656e-04  -3.0365985224e-04   2.3852372433e-04  -3.4904855134e-05  -2.2098606743e-05   1.2806248391e-05   0.0000000000e+00  -3.3492021374e-05  -3.3492021374e-05 elocal
   634       8333.3333333      -5539.0031193      -5539.0031193  -5.1513877645e-04  -2.8813991927e-04   2.2699885718e-04  -3.7081273095e-05  -2.3190492373e-05   1.3890780723e-05   0.0000000000e+00  -4.2954005533e-05  -4.2954005533e-05 elocal
   635       8666.6666667      -5421.1519891      -5421.1519891  -4.8528617944e-04  -2.7191317891e-04   2.1337300053e-04  -3.5496739500e-05  -2.2576230528e-05   1.2920508972e-05   0.0000000000e+00  -3.1282130061e-05  -3.1282130061e-05 elocal
   636       8833.3333333      -5539.0031193      -5539.0031193  -4.5612470790e-04  -2.5542303791e-04   2.0070166999e-04  -3.6953592748e-05  -2.3251626127e-05   1.3701966621e-05   0.0000000000e+00  -3.9529633379e-05  -3.9529633379e-05 elocal
   637       9166.6666667      -5421.1519891      -5421.1519891  -4.0691783682e-04  -2.2926891691e-04   1.7764891991e-04  -3.2800427539e-05  -2.1208722924e-05   1.1591704615e-05   0.0000000000e+00  -2.8848387506e-05  -2.8848387506e-05 elocal
   638       9333.3333333      -5539.0031193      -5539.0031193  -3.7305300451e-04  -2.1055321606e-04   1.6249978844e-04  -3.3172207418e-05  -2.1293449220e-05   1.1878758198e-05   0.0000000000e+00  -3.5520143515e-05  -3.5520143515e-05 elocal
   639       9666.6666667      -5421.1519891      -5421.1519891  -2.8817435656e-04  -1.6638294735e-04   1.2179140921e-04  -2.4751620980e-05  -1.6969377751e-05   7.7822432286e-06   0.0000000000e+00  -2.6403332946e-05  -2.6403332946e-05 elocal
   640       9833.3333333      -5539.0031193      -5539.0031193  -2.3959937956e-04  -1.4046986609e-04   9.9129513471e-05  -2.3405772414e-05  -1.6158980273e-05   7.2467921405e-06   0.0000000000e+00  -3.0791025002e-05  -3.0791025002e-05 elocal
   641        166.6666667      -5774.7053797      -5774.7053797  -2.3168084041e-04  -1.3564768722e-04   9.6033153188e-05   2.1630722791e-05   1.5287081638e-05  -6.3436411530e-06   0.0000000000e+00  -3.0574950569e-05  -3.0574950569e-05 elocal
   642        333.3333333      -5892.5565099      -5892.5565099  -2.6516382296e-04  -1.5292064113e-04   1.1224318182e-04   2.9384175931e-05   1.9191787636e-05  -1.0192388295e-05   0.0000000000e+00  -3.6680102226e-05  -3.6680102226e-05 elocal
   643        666.6666667      -5774.7053797      -5774.7053797  -3.5810607767e-04  -2.0192876718e-04   1.5617731049e-04   3.4100731429e-05   2.1728607992e-05  -1.2372123437e-05   0.0000000000e+00  -3.4557035829e-05  -3.4557035829e-05 elocal
   644        833.3333333      -5892.5565099      -5892.5565099  -3.6897092757e-04  -2.0775814763e-04   1.6121277993e-04   3.6816285263e-05   2.3039924668e-05  -1.3776360595e-05   0.0000000000e+00  -4.2485217992e-05  -4.2485217992e-05 elocal
   645       1166.6666667      -5774.7053797      -5774.7053797  -4.3492038299e-04  -2.4337425092e-04   1.9154613208e-04   3.8297597880e-05   2.3864089714e-05  -1.4433508166e-05   0.0000000000e+00  -3.8385616118e-05  -3.8385616118e-05 elocal
   646       1333.3333333      -5892.5565099      -5892.5565099  -4.3504845815e-04  -2.4366964100e-04   1.9137881715e-04   3.8624368139e-05   2.3909912410e-05  -1.4714455730e-05   0.0000000000e+00  -4.7476698551e-05  -4.7476698551e-05 elocal
   647       1666.6666667      -5774.7053797      -5774.7053797  -4.8855517423e-04  -2.7311013415e-04   2.1544504008e-04   3.8383812325e-05   2.3767096856e-05  -1.4616715469e-05   0.0000000000e+00  -4.1800539655e-05  -4.1800539655e-05 elocal
   648       1833.3333333      -5892.5565099      -5892.5565099  -4.8185227418e-04  -2.6979882934e-04   2.1205344485e-04   3.7178731076e-05   2.2982779854e-05  -1.4195951222e-05   0.0000000000e+00  -5.1713015167e-05  -5.1713015167e-05 elocal
   649       2166.6666667      -5774.7053797      -5774.7053797  -5.2812052858e-04  -2.9560317931e-04   2.3251734926e-04   3.5895064436e-05   2.2207230486e-05  -1.3687833950e-05   0.0000000000e+00  -4.4701870205e-05  -4.4701870205e-05 elocal
   650       2333.3333333      -5892.5565099      -5892.5565099  -5.1656988624e-04  -2.8965742076e-04   2.2691246549e-04   3.3663058562e-05   2.0854972000e-05  -1.2808086562e-05   0.0000000000e+00  -5.5214776001e-05  -5.5214776001e-05 elocal
   651       2666.6666667      -5774.7053797      -5774.7053797  -5.5787555050e-04  -3.1289930117e-04   2.4497624933e-04   3.1691213618e-05   1.9625098987e-05  -1.2066114631e-05   0.0000000000e+00  -4.7066954389e-05  -4.7066954389e-05 elocal
   652       2833.3333333      -5892.5565099      -5892.5565099  -5.4266751069e-04  -3.0490194436e-04   2.3776556633e-04   2.8767289691e-05   1.7884204686e-05  -1.0883085005e-05   0.0000000000e+00  -5.8025148281e-05  -5.8025148281e-05 elocal
   653       3166.6666667      -5774.7053797      -5774.7053797  -5.8007563589e-04  -3.2605089117e-04   2.5402474472e-04   2.6310083972e-05   1.6308126598e-05  -1.0001957373e-05   0.0000000000e+00  -4.8911255792e-05  -4.8911255792e-05 elocal
   654       3333.3333333      -5892.5565099      -5892.5565099  -5.6200273962e-04  -3.1639337672e-04   2.4560936290e-04   2.2928611671e-05   1.4308862434e-05  -8.6197492364e-06   0.0000000000e+00  -6.0194701070e-05  -6.0194701070e-05 elocal
   655       3666.6666667      -5774.7053797      -5774.7053797  -5.9599535649e-04  -3.3563133137e-04   2.6036402512e-04   2.0117365837e-05   1.2464034285e-05  -7.6533315519e-06   0.0000000000e+00  -5.0263606462e-05  -5.0263606462e-05 elocal
   656       3833.3333333      -5892.5565099      -5892.5565099  -5.7562969429e-04  -3.2460239100e-04   2.5102730329e-04   1.6449807947e-05   1.0305781502e-05  -6.1440264447e-06   0.0000000000e+00  -6.1769812086e-05  -6.1769812086e-05 elocal
   657       4166.6666667      -5774.7053797      -5774.7053797  -6.0637291811e-04  -3.4195947401e-04   2.6441344410e-04   1.3384743039e-05   8.2583139553e-06  -5.1264290839e-06   0.0000000000e+00  -5.1153128966e-05  -5.1153128966e-05 elocal
   658       4333.3333333      -5892.5565099      -5892.5565099  -5.8415576111e-04  -3.2978966277e-04   2.5436609834e-04   9.5618243935e-06   6.0200661300e-06  -3.5417582635e-06   0.0000000000e+00  -6.2786968453e-05  -6.2786968453e-05 elocal
   659       4666.6666667      -5774.7053797      -5774.7053797  -6.1162254897e-04  -3.4520731344e-04   2.6641523553e-04   6.3329792402e-06   3.8342593687e-06  -2.4987198715e-06   0.0000000000e+00  -5.1602804496e-05  -5.1602804496e-05 elocal
   660       4833.3333333      -5892.5565099      -5892.5565099  -5.8791263805e-04  -3.3209265726e-04   2.5581998079e-04   2.4580215744e-06   1.5808208508e-06  -8.7720072357e-07   0.0000000000e+00  -6.3270349655e-05  -6.3270349655e-05 elocal
   661       5166.6666667      -5774.7053797      -5774.7053797  -6.1193847390e-04  -3.4545283069e-04   2.6648564321e-04  -8.4294544133e-07  -6.7580643005e-07   1.6713901129e-07   0.0000000000e+00  -5.1626506700e-05  -5.1626506700e-05 elocal
   662       5333.3333333      -5892.5565099      -5892.5565099  -5.8703861499e-04  -3.3156748894e-04   2.5547112605e-04  -4.6857185331e-06  -2.8900575062e-06   1.7956610269e-06   0.0000000000e+00  -6.3230932628e-05  -6.3230932628e-05 elocal
   663       5666.6666667      -5774.7053797      -5774.7053797  -6.0733990699e-04  -3.4270289136e-04   2.6463701563e-04  -7.9573961101e-06  -5.1434900242e-06   2.8139060859e-06   0.0000000000e+00  -5.1227860299e-05  -5.1227860299e-05 elocal
   664       5833.3333333      -5892.5565099      -5892.5565099  -5.8151072179e-04  -3.2820529363e-04   2.5330542815e-04  -1.1697275811e-05  -7.2721735637e-06   4.4251022476e-06   0.0000000000e+00  -6.2666257382e-05  -6.2666257382e-05 elocal
   665       6166.6666667      -5774.7053797      -5774.7053797  -5.9767592938e-04  -3.3689573964e-04   2.6078018973e-04  -1.4820828625e-05  -9.4388004807e-06   5.3820281440e-06   0.0000000000e+00  -5.0400226653e-05  -5.0400226653e-05 elocal
   666       6333.3333333      -5892.5565099      -5892.5565099  -5.7114029331e-04  -3.2192995443e-04   2.4921033888e-04  -1.8396158687e-05  -1.1441687511e-05   6.9544711758e-06   0.0000000000e+00  -6.1560535392e-05  -6.1560535392e-05 elocal
   667       6666.6666667      -5774.7053797      -5774.7053797  -5.8259237450e-04  -3.2788416663e-04   2.5470820787e-04  -2.1225590975e-05  -1.3424190084e-05   7.8014008906e-06   0.0000000000e+00  -4.9127742006e-05  -4.9127742006e-05 elocal
   668       6833.3333333      -5892.5565099      -5892.5565099  -5.5553041562e-04  -3.1257639987e-04   2.4295401575e-04  -2.4578911091e-05  -1.5265200596e-05   9.3137104946e-06   0.0000000000e+00  -5.9885153492e-05  -5.9885153492e-05 elocal
   669       7166.6666667      -5774.7053797      -5774.7053797  -5.6144763639e-04  -3.1539272992e-04   2.4605490647e-04  -2.6926242878e-05  -1.6945995706e-05   9.9802471719e-06   0.0000000000e+00  -4.7387914404e-05  -4.7387914404e-05 elocal
   670       7333.3333333      -5892.5565099      -5892.5565099  -5.3397769909e-04  -2.9984060732e-04   2.3413709177e-04  -2.9996951148e-05  -1.8589981872e-05   1.1406969275e-05   0.0000000000e+00  -5.7600012770e-05  -5.7600012770e-05 elocal
   671       7666.6666667      -5774.7053797      -5774.7053797  -5.3314003114e-04  -2.9893018740e-04   2.3420984374e-04  -3.1607468454e-05  -1.9819856944e-05   1.1787611510e-05   0.0000000000e+00  -4.5157091073e-05  -4.5157091073e-05 elocal
   672       7833.3333333      -5892.5565099      -5892.5565099  -5.0527179933e-04  -2.8317788912e-04   2.2209391021e-04  -3.4318395137e-05  -2.1226311463e-05   1.3092083675e-05   0.0000000000e+00  -5.4656729959e-05  -5.4656729959e-05 elocal
   673       8166.6666667      -5774.7053797      -5774.7053797  -4.9575403343e-04  -2.7761064003e-04   2.1814339339e-04  -3.4827057979e-05  -2.1803791202e-05   1.3023266777e-05   0.0000000000e+00  -4.2421472893e-05  -4.2421472893e-05 elocal
   674       8333.3333333      -5892.5565099      -5892.5565099  -4.6727485849e-04  -2.6159042946e-04   2.0568442903e-04  -3.7058101627e-05  -2.2913968375e-05   1.4144133252e-05   0.0000000000e+00  -5.1005658637e-05  -5.1005658637e-05 elocal
   675       8666.6666667      -5774.7053797      -5774.7053797  -4.4577469687e-04  -2.4975794253e-04   1.9601675434e-04  -3.5907957456e-05  -2.2545760587e-05   1.3362196869e-05   0.0000000000e+00  -3.9198633239e-05  -3.9198633239e-05 elocal
   676       8833.3333333      -5892.5565099      -5892.5565099  -4.1594613317e-04  -2.3313668196e-04   1.8280945121e-04  -3.7442574141e-05  -2.3256006534e-05   1.4186567607e-05   0.0000000000e+00  -4.6609417668e-05  -4.6609417668e-05 elocal
   677       9166.6666667      -5774.7053797      -5774.7053797  -3.7603570328e-04  -2.1187620195e-04   1.6415950132e-04  -3.3706440501e-05  -2.1469010120e-05   1.2237430381e-05   0.0000000000e+00  -3.5577753158e-05  -3.5577753158e-05 elocal
   678       9333.3333333      -5892.5565099      -5892.5565099  -3.4260016129e-04  -1.9355700505e-04   1.4904315624e-04  -3.4109002235e-05  -2.1569230188e-05   1.2539772047e-05   0.0000000000e+00  -4.1461529739e-05  -4.1461529739e-05 elocal
   679       9666.6666667      -5774.7053797      -5774.7053797  -2.6829731630e-04  -1.5493514119e-04   1.1336217511e-04  -2.5871403521e-05  -1.7402416543e-05   8.4689869783e-06   0.0000000000e+00  -3.1806368531e-05  -3.1806368531e-05 elocal
   680       9833.3333333      -5892.5565099      -5892.5565099  -2.2199892236e-04  -1.3031677917e-04   9.1682143193e-05  -2.4273542274e-05  -1.6468704192e-05   7.8048380819e-06   0.0000000000e+00  -3.5488350274e-05  -3.5488350274e-05 elocal
   681        166.6666667      -6128.2587703      -6128.2587703  -2.1181230174e-04  -1.2439021386e-04   8.7422087878e-05   2.2867444546e-05   1.5736112668e-05  -7.1313318773e-06   0.0000000000e+00  -3.5413501044e-05  -3.5413501044e-05 elocal
   682        333.3333333      -6246.1099005      -6246.1099005  -2.3864429879e-04  -1.3823586901e-04   1.0040842978e-04   3.0162978566e-05   1.9375824238e-05  -1.0787154328e-05   0.0000000000e+00  -4.1660808805e-05  -4.1660808805e-05 elocal
   683        666.6666667      -6128.2587703      -6128.2587703  -3.2310672751e-04  -1.8272602109e-04   1.4038070643e-04   3.5011597047e-05   2.1953899364e-05  -1.3057697683e-05   0.0000000000e+00  -4.0971738651e-05  -4.0971738651e-05 elocal
   684        833.3333333      -6246.1099005      -6246.1099005  -3.2712450940e-04  -1.8504332860e-04   1.4208118080e-04   3.6802583948e-05   2.2776756811e-05  -1.4025827137e-05   0.0000000000e+00  -4.8924055362e-05  -4.8924055362e-05 elocal
   685       1166.6666667      -6128.2587703      -6128.2587703  -3.8854653254e-04  -2.1809622311e-04   1.7045030943e-04   3.8355075958e-05   2.3621387678e-05  -1.4733688280e-05   0.0000000000e+00  -4.6159124598e-05  -4.6159124598e-05 elocal
   686       1333.3333333      -6246.1099005      -6246.1099005  -3.8178210908e-04  -2.1487566994e-04   1.6690643914e-04   3.7605246043e-05   2.3112613055e-05  -1.4492632988e-05   0.0000000000e+00  -5.5097959554e-05  -5.5097959554e-05 elocal
   687       1666.6666667      -6128.2587703      -6128.2587703  -4.3345491051e-04  -2.4308764535e-04   1.9036726517e-04   3.7648290770e-05   2.3107733616e-05  -1.4540557154e-05   0.0000000000e+00  -5.0665954802e-05  -5.0665954802e-05 elocal
   688       1833.3333333      -6246.1099005      -6246.1099005  -4.2000232675e-04  -2.3635530468e-04   1.8364702207e-04   3.5427973559e-05   2.1808807586e-05  -1.3619165973e-05   0.0000000000e+00  -6.0238954930e-05  -6.0238954930e-05 elocal
   689       2166.6666667      -6128.2587703      -6128.2587703  -4.6632104932e-04  -2.6187136589e-04   2.0444968343e-04   3.4652841075e-05   2.1295455193e-05  -1.3357385881e-05   0.0000000000e+00  -5.4421177928e-05  -5.4421177928e-05 elocal
   690       2333.3333333      -6246.1099005      -6246.1099005  -4.4821696856e-04  -2.5262974024e-04   1.9558722833e-04   3.1549039374e-05   1.9508619694e-05  -1.2040419680e-05   0.0000000000e+00  -6.4426136286e-05  -6.4426136286e-05 elocal
   691       2666.6666667      -6128.2587703      -6128.2587703  -4.9094948459e-04  -2.7627979597e-04   2.1466968862e-04   3.0248011437e-05   1.8633385566e-05  -1.1614625871e-05   0.0000000000e+00  -5.7446072156e-05  -5.7446072156e-05 elocal
   692       2833.3333333      -6246.1099005      -6246.1099005  -4.6938860690e-04  -2.6511621892e-04   2.0427238798e-04   2.6612355933e-05   1.6545016112e-05  -1.0067339820e-05   0.0000000000e+00  -6.7753421844e-05  -6.7753421844e-05 elocal
   693       3166.6666667      -6128.2587703      -6128.2587703  -5.0929084659e-04  -2.8722502431e-04   2.2206582228e-04   2.4921287664e-05   1.5381193908e-05  -9.5400937564e-06   0.0000000000e+00  -5.9790735525e-05  -5.9790735525e-05 elocal
   694       3333.3333333      -6246.1099005      -6246.1099005  -4.8506113442e-04  -2.7452968679e-04   2.1053144763e-04   2.0980613055e-05   1.3116447622e-05  -7.8641654327e-06   0.0000000000e+00  -7.0304825319e-05  -7.0304825319e-05 elocal
   695       3666.6666667      -6128.2587703      -6128.2587703  -5.2242572525e-04  -2.9519335538e-04   2.2723236987e-04   1.8975176636e-05   1.1711721122e-05  -7.2634555143e-06   0.0000000000e+00  -6.1506774083e-05  -6.1506774083e-05 elocal
   696       3833.3333333      -6246.1099005      -6246.1099005  -4.9609761532e-04  -2.8125401658e-04   2.1484359873e-04   1.4886398662e-05   9.3613634123e-06  -5.5250352500e-06   0.0000000000e+00  -7.2146893408e-05  -7.2146893408e-05 elocal
   697       4166.6666667      -6128.2587703      -6128.2587703  -5.3097277040e-04  -3.0045139096e-04   2.3052137944e-04   1.2622032506e-05   7.7571496156e-06  -4.8648828904e-06   0.0000000000e+00  -6.2637055257e-05  -6.2637055257e-05 elocal
   698       4333.3333333      -6246.1099005      -6246.1099005  -5.0299138403e-04  -2.8549932093e-04   2.1749206310e-04   8.5002366043e-06   5.3910521422e-06  -3.1091844620e-06   0.0000000000e+00  -7.3327705090e-05  -7.3327705090e-05 elocal
   699       4666.6666667      -6128.2587703      -6128.2587703  -5.3527662459e-04  -3.0314143358e-04   2.3213519102e-04   6.0296806976e-06   3.6305407151e-06  -2.3991399824e-06   0.0000000000e+00  -6.3212180777e-05  -6.3212180777e-05 elocal
   700       4833.3333333      -6246.1099005      -6246.1099005  -5.0601040535e-04  -2.8737535988e-04   2.1863504547e-04   1.9630090812e-06   1.3046519458e-06  -6.5835713533e-07   0.0000000000e+00  -7.3877641130e-05  -7.3877641130e-05 elocal
   701       5166.6666667      -6128.2587703      -6128.2587703  -5.3549770534e-04  -3.0332728226e-04   2.3217042308e-04  -6.5505582632e-07  -5.6362827451e-07   9.1427551803e-08   0.0000000000e+00  -6.3249444391e-05  -6.3249444391e-05 elocal
   702       5333.3333333      -6246.1099005      -6246.1099005  -5.0526534830e-04  -2.8692632274e-04   2.1833902556e-04  -4.5971650863e-06  -2.8035779071e-06   1.7935871792e-06   0.0000000000e+00  -7.3810284500e-05  -7.3810284500e-05 elocal
   703       5666.6666667      -6128.2587703      -6128.2587703  -5.3165039550e-04  -3.0101378266e-04   2.3063661283e-04  -7.2925097572e-06  -4.7237010926e-06   2.5688086646e-06   0.0000000000e+00  -6.2752653109e-05  -6.2752653109e-05 elocal
   704       5833.3333333      -6246.1099005      -6246.1099005  -5.0073573032e-04  -2.8414422359e-04   2.1659150674e-04  -1.1054430800e-05  -6.8401342709e-06   4.2142965291e-06   0.0000000000e+00  -7.3122943981e-05  -7.3122943981e-05 elocal
   705       6166.6666667      -6128.2587703      -6128.2587703  -5.2360677350e-04  -2.9614875600e-04   2.2745801750e-04  -1.3739585654e-05  -8.7466765497e-06   4.9929091039e-06   0.0000000000e+00  -6.1712256784e-05  -6.1712256784e-05 elocal
   706       6333.3333333      -6246.1099005      -6246.1099005  -4.9226576194e-04  -2.7896676055e-04   2.1329900139e-04  -1.7276061762e-05  -1.0708817148e-05   6.5672446137e-06   0.0000000000e+00  -7.1796679459e-05  -7.1796679459e-05 elocal
   707       6666.6666667      -6128.2587703      -6128.2587703  -5.1106766494e-04  -2.8860820692e-04   2.2245945802e-04  -1.9837974260e-05  -1.2523459622e-05   7.3145146376e-06   0.0000000000e+00  -6.0105754454e-05  -6.0105754454e-05 elocal
   708       6833.3333333      -6246.1099005      -6246.1099005  -4.7952837207e-04  -2.7125887161e-04   2.0826950047e-04  -2.3110589738e-05  -1.4305933323e-05   8.8046564154e-06   0.0000000000e+00  -6.9795878922e-05  -6.9795878922e-05 elocal
   709       7166.6666667      -6128.2587703      -6128.2587703  -4.9348894524e-04  -2.7815873135e-04   2.1533021389e-04  -2.5396079498e-05  -1.5931028772e-05   9.4650507259e-06   0.0000000000e+00  -5.7898813050e-05  -5.7898813050e-05 elocal
   710       7333.3333333      -6246.1099005      -6246.1099005  -4.6194174685e-04  -2.6077010670e-04   2.0117164015e-04  -2.8367569425e-05  -1.7511361311e-05   1.0856208115e-05   0.0000000000e+00  -6.7067650097e-05  -6.7067650097e-05 elocal
   711       7666.6666667      -6128.2587703      -6128.2587703  -4.6992802647e-04  -2.6437951215e-04   2.0554851432e-04  -3.0155999877e-05  -1.8817192010e-05   1.1338807867e-05   0.0000000000e+00  -5.5048359512e-05  -5.5048359512e-05 elocal
   712       7833.3333333      -6246.1099005      -6246.1099005  -4.3849583758e-04  -2.4704648027e-04   1.9144935732e-04  -3.2778293951e-05  -2.0170113089e-05   1.2608180862e-05   0.0000000000e+00  -6.3541837460e-05  -6.3541837460e-05 elocal
   713       8166.6666667      -6128.2587703      -6128.2587703  -4.3872081233e-04  -2.4649896928e-04   1.9222184305e-04  -3.3727763637e-05  -2.0968973213e-05   1.2758790424e-05   0.0000000000e+00  -5.1510842321e-05  -5.1510842321e-05 elocal
   714       8333.3333333      -6246.1099005      -6246.1099005  -4.0737708623e-04  -2.2924088511e-04   1.7813620112e-04  -3.5914160968e-05  -2.2052667637e-05   1.3861493331e-05   0.0000000000e+00  -5.9134019226e-05  -5.9134019226e-05 elocal
   715       8666.6666667      -6128.2587703      -6128.2587703  -3.9673940405e-04  -2.2302119015e-04   1.7371821390e-04  -3.5450542824e-05  -2.2044370642e-05   1.3406172182e-05   0.0000000000e+00  -4.7263603760e-05  -4.7263603760e-05 elocal
   716       8833.3333333      -6246.1099005      -6246.1099005  -3.6506185732e-04  -2.0565734307e-04   1.5940451425e-04  -3.7007607642e-05  -2.2766412331e-05   1.4241195311e-05   0.0000000000e+00  -5.3757880320e-05  -5.3757880320e-05 elocal
   717       9166.6666667      -6128.2587703      -6128.2587703  -3.3739590361e-04  -1.9072494233e-04   1.4667096128e-04  -3.4077606456e-05  -2.1415704035e-05   1.2661902421e-05   0.0000000000e+00  -4.2357928502e-05  -4.2357928502e-05 elocal
   718       9333.3333333      -6246.1099005      -6246.1099005  -3.0367316364e-04  -1.7242658626e-04   1.3124657738e-04  -3.4526151331e-05  -2.1543314013e-05   1.2982837318e-05   0.0000000000e+00  -4.7361198907e-05  -4.7361198907e-05 elocal
   719       9666.6666667      -6128.2587703      -6128.2587703  -2.4343504910e-04  -1.4105718586e-04   1.0237786324e-04  -2.6870602435e-05  -1.7717187236e-05   9.1534151992e-06   0.0000000000e+00  -3.7050370453e-05  -3.7050370453e-05 elocal
   720       9833.3333333      -6246.1099005      -6246.1099005  -1.9954309930e-04  -1.1778502678e-04   8.1758072520e-05  -2.5044558164e-05  -1.6676207060e-05   8.3683511042e-06   0.0000000000e+00  -3.9906993332e-05  -3.9906993332e-05 elocal
   721        166.6666667      -6481.8121609      -6481.8121609  -1.8504204947e-04  -1.0973859252e-04   7.5303456950e-05   2.3914595877e-05   1.6051625734e-05  -7.8629701435e-06   0.0000000000e+00  -4.0060403676e-05  -4.0060403676e-05 elocal
   722        333.3333333      -6599.6632911      -6599.6632911  -2.0113792477e-04  -1.1813306175e-04   8.3004863024e-05   2.9874698475e-05   1.8997575121e-05  -1.0877123354e-05   0.0000000000e+00  -4.6576106070e-05  -4.6576106070e-05 elocal
   723        666.6666667      -6481.8121609      -6481.8121609  -2.7577589734e-04  -1.5746347738e-04   1.1831241995e-04   3.4715273148e-05   2.1547935289e-05  -1.3167337859e-05   0.0000000000e+00  -4.7614763803e-05  -4.7614763803e-05 elocal
   724        833.3333333      -6599.6632911      -6599.6632911  -2.6858265574e-04  -1.5410438253e-04   1.1447827321e-04   3.4468344463e-05   2.1334530060e-05  -1.3133814403e-05   0.0000000000e+00  -5.5636232415e-05  -5.5636232415e-05 elocal
   725       1166.6666667      -6481.8121609      -6481.8121609  -3.2684333607e-04  -1.8531131576e-04   1.4153202031e-04   3.6491999376e-05   2.2399813578e-05  -1.4092185798e-05   0.0000000000e+00  -5.4307982597e-05  -5.4307982597e-05 elocal
   726       1333.3333333      -6599.6632911      -6599.6632911  -3.0903827997e-04  -1.7651629239e-04   1.3252198759e-04   3.3773750145e-05   2.0898202006e-05  -1.2875548140e-05   0.0000000000e+00  -6.3003132579e-05  -6.3003132579e-05 elocal
   727       1666.6666667      -6481.8121609      -6481.8121609  -3.6144300837e-04  -2.0481897877e-04   1.5662402959e-04   3.4810536039e-05   2.1385507447e-05  -1.3425028592e-05   0.0000000000e+00  -5.9886108261e-05  -5.9886108261e-05 elocal
   728       1833.3333333      -6599.6632911      -6599.6632911  -3.3721690573e-04  -1.9266628853e-04   1.4455061720e-04   3.0916315021e-05   1.9249141494e-05  -1.1667173527e-05   0.0000000000e+00  -6.8942373204e-05  -6.8942373204e-05 elocal
   729       2166.6666667      -6481.8121609      -6481.8121609  -3.8670776782e-04  -2.1949159677e-04   1.6721617105e-04   3.1448698318e-05   1.9395746298e-05  -1.2052952020e-05   0.0000000000e+00  -6.4414673443e-05  -6.4414673443e-05 elocal
   730       2333.3333333      -6599.6632911      -6599.6632911  -3.5805052111e-04  -2.0496331908e-04   1.5308720203e-04   2.6972182437e-05   1.6929294631e-05  -1.0042887806e-05   0.0000000000e+00  -7.3689570723e-05  -7.3689570723e-05 elocal
   731       2666.6666667      -6481.8121609      -6481.8121609  -4.0564522730e-04  -2.3077463269e-04   1.7487059460e-04   2.7131745293e-05   1.6801241115e-05  -1.0330504178e-05   0.0000000000e+00  -6.8010082488e-05  -6.8010082488e-05 elocal
   732       2833.3333333      -6599.6632911      -6599.6632911  -3.7371364952e-04  -2.1444111306e-04   1.5927253646e-04   2.2389165662e-05   1.4172217802e-05  -8.2169478602e-06   0.0000000000e+00  -7.7421450822e-05  -7.7421450822e-05 elocal
   733       3166.6666667      -6481.8121609      -6481.8121609  -4.1975475194e-04  -2.3936478313e-04   1.8038996881e-04   2.2209778772e-05   1.3790866557e-05  -8.4189122149e-06   0.0000000000e+00  -7.0776570205e-05  -7.0776570205e-05 elocal
   734       3333.3333333      -6599.6632911      -6599.6632911  -3.8532298058e-04  -2.2161021321e-04   1.6371276737e-04   1.7393173002e-05   1.1105733061e-05  -6.2874399408e-06   0.0000000000e+00  -8.0264216688e-05  -8.0264216688e-05 elocal
   735       3666.6666667      -6481.8121609      -6481.8121609  -4.2985778516e-04  -2.4562733275e-04   1.8423045241e-04   1.6884043188e-05   1.0484009206e-05  -6.4000339822e-06   0.0000000000e+00  -7.2795147961e-05  -7.2795147961e-05 elocal
   736       3833.3333333      -6599.6632911      -6599.6632911  -3.9350059666e-04  -2.2674154123e-04   1.6675905543e-04   1.2122688469e-05   7.8183680771e-06  -4.3043203916e-06   0.0000000000e+00  -8.2306057090e-05  -8.2306057090e-05 elocal
   737       4166.6666667      -6481.8121609      -6481.8121609  -4.3642273347e-04  -2.4976037586e-04   1.8666235761e-04   1.1291789360e-05   6.9720159883e-06  -4.3197733718e-06   0.0000000000e+00  -7.4124347363e-05  -7.4124347363e-05 elocal
   738       4333.3333333      -6599.6632911      -6599.6632911  -3.9860205247e-04  -2.2998199095e-04   1.6862006152e-04   6.6793206774e-06   4.3836785039e-06  -2.2956421736e-06   0.0000000000e+00  -8.3606156735e-05  -8.3606156735e-05 elocal
   739       4666.6666667      -6481.8121609      -6481.8121609  -4.3971000554e-04  -2.5186865248e-04   1.8784135307e-04   5.5415414906e-06   3.3347585013e-06  -2.2067829893e-06   0.0000000000e+00  -7.4802719965e-05  -7.4802719965e-05 elocal
   740       4833.3333333      -6599.6632911      -6599.6632911  -4.0082032883e-04  -2.3140752907e-04   1.6941279976e-04   1.1488668405e-06   8.6975547691e-07  -2.7911136355e-07   0.0000000000e+00  -8.4200350116e-05  -8.4200350116e-05 elocal
   741       5166.6666667      -6481.8121609      -6481.8121609  -4.3984021004e-04  -2.5199851407e-04   1.8784169597e-04  -2.7073512590e-07  -3.5237244565e-07  -8.1637319752e-08   0.0000000000e+00  -7.4850862529e-05  -7.4850862529e-05 elocal
   742       5333.3333333      -6599.6632911      -6599.6632911  -4.0023443577e-04  -2.3104820336e-04   1.6918623241e-04  -4.3889413432e-06  -2.6569470359e-06   1.7319943073e-06   0.0000000000e+00  -8.4104330101e-05  -8.4104330101e-05 elocal
   743       5666.6666667      -6481.8121609      -6481.8121609  -4.3682282421e-04  -2.5015270937e-04   1.8667011483e-04  -6.0530508186e-06  -4.0152555848e-06   2.0377952338e-06   0.0000000000e+00  -7.4272572163e-05  -7.4272572163e-05 elocal
   744       5833.3333333      -6599.6632911      -6599.6632911  -3.9682785186e-04  -2.2889767672e-04   1.6793017514e-04  -9.8549415531e-06  -6.1299090660e-06   3.7250324871e-06   0.0000000000e+00  -8.3315041917e-05  -8.3315041917e-05 elocal
   745       6166.6666667      -6481.8121609      -6481.8121609  -4.3055862034e-04  -2.4629166155e-04   1.8426695880e-04  -1.1711169757e-05  -7.5790000605e-06   4.1321696966e-06   0.0000000000e+00  -7.3055123972e-05  -7.3055123972e-05 elocal
   746       6333.3333333      -6599.6632911      -6599.6632911  -3.9048510209e-04  -2.2491145396e-04   1.6557364812e-04  -1.5165777078e-05  -9.4812059856e-06   5.6845710926e-06   0.0000000000e+00  -8.1810553334e-05  -8.1810553334e-05 elocal
   747       6666.6666667      -6481.8121609      -6481.8121609  -4.2081705928e-04  -2.4032184587e-04   1.8049521341e-04  -1.7141305355e-05  -1.0965369759e-05   6.1759355959e-06   0.0000000000e+00  -7.1168720304e-05  -7.1168720304e-05 elocal
   748       6833.3333333      -6599.6632911      -6599.6632911  -3.8096516032e-04  -2.1899314089e-04   1.6197201943e-04  -2.0226984765e-05  -1.2639098761e-05   7.5878860046e-06   0.0000000000e+00  -7.9548401953e-05  -7.9548401953e-05 elocal
   749       7166.6666667      -6481.8121609      -6481.8121609  -4.0717890183e-04  -2.3206637237e-04   1.7511252946e-04  -2.2217592886e-05  -1.4087607992e-05   8.1299848934e-06   0.0000000000e+00  -6.8565206969e-05  -6.8565206969e-05 elocal
   750       7333.3333333      -6599.6632911      -6599.6632911  -3.6783979620e-04  -2.1096277517e-04   1.5687702104e-04  -2.4919581306e-05  -1.5522370092e-05   9.3972112133e-06   0.0000000000e+00  -7.6462159483e-05  -7.6462159483e-05 elocal
   751       7666.6666667      -6481.8121609      -6481.8121609  -3.8891532193e-04  -2.2120338046e-04   1.6771194147e-04  -2.6766393204e-05  -1.6838671710e-05   9.9277214935e-06   0.0000000000e+00  -6.5176442700e-05  -6.5176442700e-05 elocal
   752       7833.3333333      -6599.6632911      -6599.6632911  -3.5036404878e-04  -2.0049079623e-04   1.4987325254e-04  -2.9070679436e-05  -1.8026641282e-05   1.1044038154e-05   0.0000000000e+00  -7.2455758704e-05  -7.2455758704e-05 elocal
   753       8166.6666667      -6481.8121609      -6481.8121609  -3.6472727179e-04  -2.0713409700e-04   1.5759317479e-04  -3.0508351289e-05  -1.9063283803e-05   1.1445067486e-05   0.0000000000e+00  -6.0913961622e-05  -6.0913961622e-05 elocal
   754       8333.3333333      -6599.6632911      -6599.6632911  -3.2718919759e-04  -1.8695283646e-04   1.4023636113e-04  -3.2383570500e-05  -1.9990326644e-05   1.2393243857e-05   0.0000000000e+00  -6.7395420592e-05  -6.7395420592e-05 elocal
   755       8666.6666667      -6481.8121609      -6481.8121609  -3.3212090164e-04  -1.8866848243e-04   1.4345241921e-04  -3.2915815375e-05  -2.0487518384e-05   1.2428296991e-05   0.0000000000e+00  -5.5676517112e-05  -5.5676517112e-05 elocal
   756       8833.3333333      -6599.6632911      -6599.6632911  -2.9563719635e-04  -1.6906486836e-04   1.2657232800e-04  -3.4254550825e-05  -2.1103777862e-05   1.3150772964e-05   0.0000000000e+00  -6.1102097104e-05  -6.1102097104e-05 elocal
   757       9166.6666667      -6481.8121609      -6481.8121609  -2.8562040033e-04  -1.6312928144e-04   1.2249111888e-04  -3.2822275332e-05  -2.0524141967e-05   1.2298133365e-05   0.0000000000e+00  -4.9391604279e-05  -4.9391604279e-05 elocal
   758       9333.3333333      -6599.6632911      -6599.6632911  -2.4942271930e-04  -1.4374196246e-04   1.0568075684e-04  -3.3228129884e-05  -2.0637346340e-05   1.2590783544e-05   0.0000000000e+00  -5.3365309220e-05  -5.3365309220e-05 elocal
   759       9666.6666667      -6481.8121609      -6481.8121609  -2.0990808311e-04  -1.2291986905e-04   8.6988214055e-05  -2.7155753975e-05  -1.7639591806e-05   9.5161621690e-06   0.0000000000e+00  -4.2198479125e-05  -4.2198479125e-05 elocal
   760       9833.3333333      -6599.6632911      -6599.6632911  -1.6799455356e-04  -1.0076724586e-04   6.7227307703e-05  -2.5203122579e-05  -1.6544561298e-05   8.6585612806e-06   0.0000000000e+00  -4.4015279189e-05  -4.4015279189e-05 elocal
   761        166.6666667      -6835.3655515      -6835.3655515  -1.4231036483e-04  -8.7171993696e-05   5.5138371136e-05   2.3339373487e-05   1.5534244854e-05  -7.8051286336e-06   0.0000000000e+00  -4.4544355440e-05  -4.4544355440e-05 elocal
   762        333.3333333      -6953.2166817      -6953.2166817  -1.3383988001e-04  -8.3216348392e-05   5.0623531621e-05   2.3769217271e-05   1.5696882129e-05  -8.0723351426e-06   0.0000000000e+00  -5.1665012708e-05  -5.1665012708e-05 elocal
   763        666.6666667      -6835.3655515      -6835.3655515  -2.0226179404e-04  -1.1921833312e-04   8.3043460921e-05   2.9984716598e-05   1.8912740080e-05  -1.1071976517e-05   0.0000000000e+00  -5.4696709089e-05  -5.4696709089e-05 elocal
   764        833.3333333      -6953.2166817      -6953.2166817  -1.7052635458e-04  -1.0353235003e-04   6.6994004543e-05   2.4297132186e-05   1.5968472070e-05  -8.3286601160e-06   0.0000000000e+00  -6.2544295754e-05  -6.2544295754e-05 elocal
   765       1166.6666667      -6835.3655515      -6835.3655515  -2.3476211329e-04  -1.3749149823e-04   9.7270615062e-05   2.9571367324e-05   1.8644995025e-05  -1.0926372298e-05   0.0000000000e+00  -6.2832568235e-05  -6.2832568235e-05 elocal
   766       1333.3333333      -6953.2166817      -6953.2166817  -1.9268714449e-04  -1.1652059087e-04   7.6166553622e-05   2.2315013968e-05   1.4871329712e-05  -7.4436842558e-06   0.0000000000e+00  -7.0736997744e-05  -7.0736997744e-05 elocal
   767       1666.6666667      -6835.3655515      -6835.3655515  -2.5690959993e-04  -1.5048863352e-04   1.0642096641e-04   2.7308613633e-05   1.7332261528e-05  -9.9763521049e-06   0.0000000000e+00  -6.9269245368e-05  -6.9269245368e-05 elocal
   768       1833.3333333      -6953.2166817      -6953.2166817  -2.0834742018e-04  -1.2614500810e-04   8.2202412082e-05   1.9563748262e-05   1.3274610749e-05  -6.2891375131e-06   0.0000000000e+00  -7.7142449972e-05  -7.7142449972e-05 elocal
   769       2166.6666667      -6835.3655515      -6835.3655515  -2.7319789986e-04  -1.6040545840e-04   1.1279244146e-04   2.4259410021e-05   1.5508004315e-05  -8.7514057061e-06   0.0000000000e+00  -7.4371064357e-05  -7.4371064357e-05 elocal
   770       2333.3333333      -6953.2166817      -6953.2166817  -2.2003619686e-04  -1.3362253137e-04   8.6413665490e-05   1.6453302483e-05   1.1387004013e-05  -5.0662984700e-06   0.0000000000e+00  -8.2193891350e-05  -8.2193891350e-05 elocal
   771       2666.6666667      -6835.3655515      -6835.3655515  -2.8546507425e-04  -1.6811227406e-04   1.1735280018e-04   2.0769136071e-05   1.3352127799e-05  -7.4170082714e-06   0.0000000000e+00  -7.8377634999e-05  -7.8377634999e-05 elocal
   772       2833.3333333      -6953.2166817      -6953.2166817  -2.2887532913e-04  -1.3946935065e-04   8.9405978480e-05   1.3128364980e-05   9.2893961868e-06  -3.8389687937e-06   0.0000000000e+00  -8.6139115896e-05  -8.6139115896e-05 elocal
   773       3166.6666667      -6835.3655515      -6835.3655515  -2.9462848222e-04  -1.7402340474e-04   1.2060507747e-04   1.6990737067e-05   1.0953181087e-05  -6.0375559801e-06   0.0000000000e+00  -8.1446303690e-05  -8.1446303690e-05 elocal
   774       3333.3333333      -6953.2166817      -6953.2166817  -2.3544908791e-04  -1.4393756697e-04   9.1511520932e-05   9.6594395431e-06   7.0300137557e-06  -2.6294257874e-06   0.0000000000e+00  -8.9132825675e-05  -8.9132825675e-05 elocal
   775       3666.6666667      -6835.3655515      -6835.3655515  -3.0119426367e-04  -1.7835378020e-04   1.2284048347e-04   1.3011822438e-05   8.3712992794e-06  -4.6405231581e-06   0.0000000000e+00  -8.3682286122e-05  -8.3682286122e-05 elocal
   776       3833.3333333      -6953.2166817      -6953.2166817  -2.4008688313e-04  -1.4715820337e-04   9.2928679755e-05   6.0927816069e-06   4.6487694926e-06  -1.4440121144e-06   0.0000000000e+00  -9.1275244776e-05  -9.1275244776e-05 elocal
   777       4166.6666667      -6835.3655515      -6835.3655515  -3.0545294725e-04  -1.8121826910e-04   1.2423467814e-04   8.8949838328e-06   5.6575768353e-06  -3.2374069975e-06   0.0000000000e+00  -8.5155400388e-05  -8.5155400388e-05 elocal
   778       4333.3333333      -6953.2166817      -6953.2166817  -2.4297848943e-04  -1.4920015771e-04   9.3778331719e-05   2.4665157941e-06   2.1845467981e-06  -2.8196899597e-07   0.0000000000e+00  -9.2630653509e-05  -9.2630653509e-05 elocal
   779       4666.6666667      -6835.3655515      -6835.3655515  -3.0756667300e-04  -1.8267645416e-04   1.2489021884e-04   4.6927817197e-06   2.8606664754e-06  -1.8321152443e-06   0.0000000000e+00  -8.5909258103e-05  -8.5909258103e-05 elocal
   780       4833.3333333      -6953.2166817      -6953.2166817  -2.4422711435e-04  -1.5009772966e-04   9.4129384693e-05  -1.1835786419e-06  -3.2277530117e-07   8.6080334076e-07   0.0000000000e+00  -9.3236916309e-05  -9.3236916309e-05 elocal
   781       5166.6666667      -6835.3655515      -6835.3655515  -3.0761031331e-04  -1.8275397974e-04   1.2485633357e-04   4.5386102562e-07   2.8887647425e-08  -4.2497337820e-07   0.0000000000e+00  -8.5966212654e-05  -8.5966212654e-05 elocal
   782       5333.3333333      -6953.2166817      -6953.2166817  -2.4387437993e-04  -1.4986374952e-04   9.4010630410e-05  -4.8219161837e-06  -2.8321625514e-06   1.9897536322e-06   0.0000000000e+00  -9.3110318977e-05  -9.3110318977e-05 elocal
   783       5666.6666667      -6835.3655515      -6835.3655515  -3.0558870731e-04  -1.8145158751e-04   1.2413711980e-04  -3.7742726348e-06  -2.7893564934e-06   9.8491614144e-07   0.0000000000e+00  -8.5329662935e-05  -8.5329662935e-05 elocal
   784       5833.3333333      -6953.2166817      -6953.2166817  -2.4190970952e-04  -1.4849455945e-04   9.3415150080e-05  -8.4121881269e-06  -5.3019035491e-06   3.1102845779e-06   0.0000000000e+00  -9.2247512009e-05  -9.2247512009e-05 elocal
   785       6166.6666667      -6835.3655515      -6835.3655515  -3.0143783862e-04  -1.7874576478e-04   1.2269207383e-04  -7.9434613235e-06  -5.5456601149e-06   2.3978012087e-06   0.0000000000e+00  -8.3984395331e-05  -8.3984395331e-05 elocal
   786       6333.3333333      -6953.2166817      -6953.2166817  -2.3826819398e-04  -1.4596888908e-04   9.2299304898e-05  -1.1916502894e-05  -7.6901206544e-06   4.2263822394e-06   0.0000000000e+00  -9.0625206301e-05  -9.0625206301e-05 elocal
   787       6666.6666667      -6835.3655515      -6835.3655515  -2.9501054033e-04  -1.7458129941e-04   1.2042924092e-04  -1.2002548691e-05  -8.1914160186e-06   3.8111326729e-06   0.0000000000e+00  -8.1895075257e-05  -8.1895075257e-05 elocal
   788       6833.3333333      -6953.2166817      -6953.2166817  -2.3281611307e-04  -1.4224021241e-04   9.0575900669e-05  -1.5293538992e-05  -9.9547786841e-06   5.3387603075e-06   0.0000000000e+00  -8.8197541446e-05  -8.8197541446e-05 elocal
   789       7166.6666667      -6835.3655515      -6835.3655515  -2.8604061392e-04  -1.6885267663e-04   1.1718793728e-04  -1.5892521605e-05  -1.0676346160e-05   5.2161754450e-06   0.0000000000e+00  -7.9002490048e-05  -7.9002490048e-05 elocal
   790       7333.3333333      -6953.2166817      -6953.2166817  -2.2531777228e-04  -1.3721941001e-04   8.8098362269e-05  -1.8493949723e-05  -1.2052291704e-05   6.4416580183e-06   0.0000000000e+00  -8.4890285694e-05  -8.4890285694e-05 elocal
   791       7666.6666667      -6835.3655515      -6835.3655515  -2.7406739045e-04  -1.6136532225e-04   1.1270206820e-04  -1.9535049678e-05  -1.2943689825e-05   6.5913598539e-06   0.0000000000e+00  -7.5216460573e-05  -7.5216460573e-05 elocal
   792       7833.3333333      -6953.2166817      -6953.2166817  -2.1536621118e-04  -1.3073901273e-04   8.4627198454e-05  -2.1448819882e-05  -1.3932594666e-05   7.5162252156e-06   0.0000000000e+00  -8.0589754680e-05  -8.0589754680e-05 elocal
   793       8166.6666667      -6835.3655515      -6835.3655515  -2.5827222976e-04  -1.5175244247e-04   1.0651978729e-04  -2.2803488612e-05  -1.4916535469e-05   7.8869531430e-06   0.0000000000e+00  -7.0403183346e-05  -7.0403183346e-05 elocal
   794       8333.3333333      -6953.2166817      -6953.2166817  -2.0222967374e-04  -1.2247498700e-04   7.9754686739e-05  -2.4038961795e-05  -1.5524523375e-05   8.5144384193e-06   0.0000000000e+00  -7.5121583986e-05  -7.5121583986e-05 elocal
   795       8666.6666667      -6835.3655515      -6835.3655515  -2.3707911626e-04  -1.3927357693e-04   9.7805539323e-05  -2.5441091854e-05  -1.6457603158e-05   8.9834886957e-06   0.0000000000e+00  -6.4362954440e-05  -6.4362954440e-05 elocal
   796       8833.3333333      -6953.2166817      -6953.2166817  -1.8445861230e-04  -1.1174849997e-04   7.2710112337e-05  -2.6001552501e-05  -1.6689691270e-05   9.3118612310e-06   0.0000000000e+00  -6.8207722826e-05  -6.8207722826e-05 elocal
   797       9166.6666667      -6835.3655515      -6835.3655515  -2.0695450617e-04  -1.2221255228e-04   8.4741953891e-05  -2.6783984215e-05  -1.7231183038e-05   9.5528011770e-06   0.0000000000e+00  -5.6795194010e-05  -5.6795194010e-05 elocal
   798       9333.3333333      -6953.2166817      -6953.2166817  -1.5859397885e-04  -9.6878169149e-05   6.1715809699e-05  -2.6572742829e-05  -1.7044118608e-05   9.5286242211e-06   0.0000000000e+00  -5.9372867460e-05  -5.9372867460e-05 elocal
   799       9666.6666667      -6835.3655515      -6835.3655515  -1.5726709320e-04  -9.5305528469e-05   6.1961564726e-05  -2.4472624631e-05  -1.6059053241e-05   8.4135713894e-06   0.0000000000e+00  -4.7314236456e-05  -4.7314236456e-05 elocal
   800       9833.3333333      -6953.2166817      -6953.2166817  -1.1224839037e-04  -7.1719066210e-05   4.0529324156e-05  -2.2688646033e-05  -1.5058805411e-05   7.6298406219e-06   0.0000000000e+00  -4.7674804489e-05  -4.7674804489e-05 elocal

STRESSES (TRACTIONS):

   ELT                X1C                X2C                X3C                 T1                 T2                 T3 Coord Sys
------ ------------------ ------------------ ------------------ ------------------ ------------------ ------------------ ---------
     1        166.6666667       -117.8511302       -117.8511302   6.0715321659e-18   5.0686451564e-18   3.5165461674e-03 elocal
     2        333.3333333       -235.7022604       -235.7022604  -2.1684043450e-18   3.7133924408e-18   4.6652532752e-03 elocal
     3        666.6666667       -117.8511302       -117.8511302  -1.8214596498e-17  -5.4210108624e-18   2.8029568932e-03 elocal
     4        833.3333333       -235.7022604       -235.7022604   6.7220534694e-18   3.2255014631e-18   3.7028464431e-03 elocal
     5       1166.6666667       -117.8511302       -117.8511302   4.7704895589e-18  -1.4982106356e-18   2.6668088102e-03 elocal
     6       1333.3333333       -235.7022604       -235.7022604   4.6620693417e-17  -6.1150198686e-18   3.3108113858e-03 elocal
     7       1666.6666667       -117.8511302       -117.8511302   3.9031278209e-18  -8.6736173799e-19   2.6397017423e-03 elocal
     8       1833.3333333       -235.7022604       -235.7022604  -6.7220534694e-18   7.8726750553e-19   3.1229551856e-03 elocal
     9       2166.6666667       -117.8511302       -117.8511302  -8.2399365109e-18  -1.6534083130e-18   2.6459408887e-03 elocal
    10       2333.3333333       -235.7022604       -235.7022604  -1.6046192153e-17   3.7202320451e-18   3.0218929426e-03 elocal
    11       2666.6666667       -117.8511302       -117.8511302  -1.1492543028e-17   2.2497195079e-18   2.6636811484e-03 elocal
    12       2833.3333333       -235.7022604       -235.7022604  -6.5052130349e-19  -4.9173255439e-18   2.9633258106e-03 elocal
    13       3166.6666667       -117.8511302       -117.8511302   1.9732479539e-17   1.3417001885e-18   2.6855355312e-03 elocal
    14       3333.3333333       -235.7022604       -235.7022604  -2.1684043450e-19  -4.0662896714e-18   2.9279987408e-03 elocal
    15       3666.6666667       -117.8511302       -117.8511302   3.2526065175e-18  -1.8295911661e-18   2.7088432499e-03 elocal
    16       3833.3333333       -235.7022604       -235.7022604  -1.1275702594e-17  -7.6749174100e-20   2.9066146474e-03 elocal
    17       4166.6666667       -117.8511302       -117.8511302   1.4528309111e-17  -4.3368086899e-19   2.7327562460e-03 elocal
    18       4333.3333333       -235.7022604       -235.7022604   2.8839777788e-17   1.2843215494e-18   2.8944082875e-03 elocal
    19       4666.6666667       -117.8511302       -117.8511302   1.6046192153e-17   2.0328790734e-20   2.7572499175e-03 elocal
    20       4833.3333333       -235.7022604       -235.7022604   4.3584927334e-17  -4.9434923113e-18   2.8889610610e-03 elocal
    21       5166.6666667       -117.8511302       -117.8511302   2.2334564753e-17   2.4733362060e-19   2.7827787287e-03 elocal
    22       5333.3333333       -235.7022604       -235.7022604   2.1900883884e-17   2.5731468579e-19   2.8892757039e-03 elocal
    23       5666.6666667       -117.8511302       -117.8511302  -4.5536491244e-18   2.0464316006e-18   2.8102023967e-03 elocal
    24       5833.3333333       -235.7022604       -235.7022604   4.0549161251e-17  -3.4318769295e-18   2.8954397102e-03 elocal
    25       6166.6666667       -117.8511302       -117.8511302  -6.5052130349e-18   1.3162892000e-18   2.8408840598e-03 elocal
    26       6333.3333333       -235.7022604       -235.7022604  -3.4694469520e-18  -3.8204736363e-18   2.9086675798e-03 elocal
    27       6666.6666667       -117.8511302       -117.8511302  -8.6736173799e-19   2.2971533530e-18   2.8769903985e-03 elocal
    28       6833.3333333       -235.7022604       -235.7022604   1.8431436932e-17  -6.4309110809e-18   2.9317511216e-03 elocal
    29       7166.6666667       -117.8511302       -117.8511302  -8.6736173799e-18  -1.6466320495e-18   2.9221681218e-03 elocal
    30       7333.3333333       -235.7022604       -235.7022604   3.0357660830e-17  -1.1918985865e-19   2.9702180418e-03 elocal
    31       7666.6666667       -117.8511302       -117.8511302   9.3241386834e-18   3.6591823321e-19   2.9831055100e-03 elocal
    32       7833.3333333       -235.7022604       -235.7022604  -2.7321894747e-17  -5.9885615379e-20   3.0351076554e-03 elocal
    33       8166.6666667       -117.8511302       -117.8511302   2.3852447795e-18   2.0328790734e-18   3.0735316836e-03 elocal
    34       8333.3333333       -235.7022604       -235.7022604  -7.8062556419e-18  -3.2899118147e-18   3.1501045904e-03 elocal
    35       8666.6666667       -117.8511302       -117.8511302   1.8431436932e-17   4.1889285461e-19   3.2261550249e-03 elocal
    36       8833.3333333       -235.7022604       -235.7022604  -2.1684043450e-18  -4.9665443980e-18   3.3721719100e-03 elocal
    37       9166.6666667       -117.8511302       -117.8511302  -5.4210108624e-18  -5.5294310797e-18   3.5385834756e-03 elocal
    38       9333.3333333       -235.7022604       -235.7022604  -1.1926223897e-17  -6.4049105658e-18   3.8671655902e-03 elocal
    39       9666.6666667       -117.8511302       -117.8511302  -1.6913553891e-17  -9.5409791179e-18   4.5026888793e-03 elocal
    40       9833.3333333       -235.7022604       -235.7022604   1.9949319974e-17   6.2215976346e-18   5.3642192786e-03 elocal
    41        166.6666667       -471.4045208       -471.4045208   6.5052130349e-18  -1.0299920639e-18   5.8953236033e-03 elocal
    42        333.3333333       -589.2556510       -589.2556510  -1.9949319974e-17   9.2157184661e-19   5.5363037184e-03 elocal
    43        666.6666667       -471.4045208       -471.4045208  -7.8062556419e-18   1.3417001885e-18   4.6843585560e-03 elocal
    44        833.3333333       -589.2556510       -589.2556510  -3.5561831258e-17   1.0394788329e-17   4.6513238099e-03 elocal
    45       1166.6666667       -471.4045208       -471.4045208  -1.6479873022e-17   4.3532799029e-19   4.0262272214e-03 elocal
    46       1333.3333333       -589.2556510       -589.2556510   9.5409791179e-18  -2.3399232166e-18   4.1207217260e-03 elocal
    47       1666.6666667       -471.4045208       -471.4045208  -2.9490299092e-17   7.8604657505e-19   3.6699076523e-03 elocal
    48       1833.3333333       -589.2556510       -589.2556510  -1.6263032587e-17   6.0308745845e-18   3.8066371590e-03 elocal
    49       2166.6666667       -471.4045208       -471.4045208   1.3660947373e-17   8.1586213480e-18   3.4638562367e-03 elocal
    50       2333.3333333       -589.2556510       -589.2556510  -1.7564075194e-17   1.6263032587e-18   3.6136350762e-03 elocal
    51       2666.6666667       -471.4045208       -471.4045208  -1.2576745201e-17   6.3154776547e-18   3.3380043743e-03 elocal
    52       2833.3333333       -589.2556510       -589.2556510  -3.2092384306e-17   6.5052130349e-19   3.4911857870e-03 elocal
    53       3166.6666667       -471.4045208       -471.4045208   1.4094628242e-17   4.3232561628e-18   3.2586962894e-03 elocal
    54       3333.3333333       -589.2556510       -589.2556510   1.1058862159e-17   1.6263032587e-19   3.4124842792e-03 elocal
    55       3666.6666667       -471.4045208       -471.4045208  -1.1709383463e-17   5.5565361340e-18   3.2085839103e-03 elocal
    56       3833.3333333       -589.2556510       -589.2556510   4.7704895589e-18   6.1867286467e-18   3.3627726084e-03 elocal
    57       4166.6666667       -471.4045208       -471.4045208  -1.2143064332e-17   8.5109870540e-18   3.1782907867e-03 elocal
    58       4333.3333333       -589.2556510       -589.2556510   4.2500725161e-17   3.2390539903e-18   3.3337855822e-03 elocal
    59       4666.6666667       -471.4045208       -471.4045208  -1.5178830415e-18   4.8653572490e-18   3.1627687880e-03 elocal
    60       4833.3333333       -589.2556510       -589.2556510   7.0256300777e-17  -1.4467322739e-18   3.3210985651e-03 elocal
    61       5166.6666667       -471.4045208       -471.4045208  -3.7730235602e-17   5.0288346078e-18   3.1596453191e-03 elocal
    62       5333.3333333       -589.2556510       -589.2556510  -7.1557343384e-18  -1.6364676541e-18   3.3228811609e-03 elocal
    63       5666.6666667       -471.4045208       -471.4045208   6.2883726004e-18   1.0123737786e-17   3.1685352862e-03 elocal
    64       5833.3333333       -589.2556510       -589.2556510  -1.2576745201e-17  -1.5178830415e-18   3.3394262511e-03 elocal
    65       6166.6666667       -471.4045208       -471.4045208  -2.0816681712e-17   9.3038098926e-18   3.1909462907e-03 elocal
    66       6333.3333333       -589.2556510       -589.2556510   7.3725747729e-18   3.9708904567e-18   3.3732362924e-03 elocal
    67       6666.6666667       -471.4045208       -471.4045208  -9.3241386834e-18   1.3891340335e-17   3.2307312227e-03 elocal
    68       6833.3333333       -589.2556510       -589.2556510  -1.0408340856e-17   1.1248597540e-18   3.4297083659e-03 elocal
    69       7166.6666667       -471.4045208       -471.4045208  -1.9515639105e-18   4.9195673577e-18   3.2953311567e-03 elocal
    70       7333.3333333       -589.2556510       -589.2556510  -3.5778671692e-17  -6.7220534694e-18   3.5187484704e-03 elocal
    71       7666.6666667       -471.4045208       -471.4045208  -3.9464959078e-17   7.6436253160e-18   3.3985495069e-03 elocal
    72       7833.3333333       -589.2556510       -589.2556510  -1.4745149546e-17   6.9388939039e-18   3.6581700022e-03 elocal
    73       8166.6666667       -471.4045208       -471.4045208  -2.6454533009e-17   1.1899118843e-17   3.5667980666e-03 elocal
    74       8333.3333333       -589.2556510       -589.2556510  -2.3635607360e-17   3.8353651852e-18   3.8808499334e-03 elocal
    75       8666.6666667       -471.4045208       -471.4045208   5.6378512969e-18   2.0735366549e-18   3.8538658644e-03 elocal
    76       8833.3333333       -589.2556510       -589.2556510  -8.2399365109e-18   1.6669608402e-18   4.2495246670e-03 elocal
    77       9166.6666667       -471.4045208       -471.4045208   4.3368086899e-19   5.7242486575e-18   4.3763188379e-03 elocal
    78       9333.3333333       -589.2556510       -589.2556510  -6.9388939039e-18   4.2554935270e-18   4.8808713068e-03 elocal
    79       9666.6666667       -471.4045208       -471.4045208  -1.0408340856e-17   8.0230960764e-18   5.3863926360e-03 elocal
    80       9833.3333333       -589.2556510       -589.2556510   1.0408340856e-17  -1.5720931501e-18   5.9126024729e-03 elocal
    81        166.6666667       -824.9579114       -824.9579114  -9.9746599869e-18   9.7578195524e-19   5.8791284447e-03 elocal
    82        333.3333333       -942.8090416       -942.8090416   4.4235448637e-17  -2.3852447795e-18   5.6625657642e-03 elocal
    83        666.6666667       -824.9579114       -824.9579114   1.9081958236e-17  -1.6263032587e-19   5.1824866065e-03 elocal
    84        833.3333333       -942.8090416       -942.8090416   2.3852447795e-17  -1.6534083130e-18   5.1017617649e-03 elocal
    85       1166.6666667       -824.9579114       -824.9579114  -4.1633363423e-17  -1.5348051924e-18   4.6478480035e-03 elocal
    86       1333.3333333       -942.8090416       -942.8090416   1.6479873022e-17  -1.3417001885e-18   4.6682263673e-03 elocal
    87       1666.6666667       -824.9579114       -824.9579114   3.7730235602e-17   1.1858461262e-19   4.2856005650e-03 elocal
    88       1833.3333333       -942.8090416       -942.8090416  -2.1250362581e-17  -5.8572328303e-18   4.3632733447e-03 elocal
    89       2166.6666667       -824.9579114       -824.9579114  -1.9515639105e-17  -1.5585406229e-18   4.0457767292e-03 elocal
    90       2333.3333333       -942.8090416       -942.8090416   5.6378512969e-17   4.7366082410e-18   4.1543327153e-03 elocal
    91       2666.6666667       -824.9579114       -824.9579114   5.4210108624e-18  -4.1606258369e-18   3.8864802449e-03 elocal
    92       2833.3333333       -942.8090416       -942.8090416  -1.4311468677e-17   2.6020852140e-18   4.0121991577e-03 elocal
    93       3166.6666667       -824.9579114       -824.9579114   5.3993268190e-17  -4.1335207826e-18   3.7806128295e-03 elocal
    94       3333.3333333       -942.8090416       -942.8090416  -2.9923979961e-17  -4.0386530925e-18   3.9166258155e-03 elocal
    95       3666.6666667       -824.9579114       -824.9579114   6.0932162094e-17  -2.1074179728e-18   3.7115545132e-03 elocal
    96       3833.3333333       -942.8090416       -942.8090416  -5.8113236445e-17   5.4210108624e-20   3.8545651045e-03 elocal
    97       4166.6666667       -824.9579114       -824.9579114   5.6378512969e-18  -3.7404974951e-18   3.6692992820e-03 elocal
    98       4333.3333333       -942.8090416       -942.8090416   3.2742905609e-17   2.7647155398e-18   3.8179642935e-03 elocal
    99       4666.6666667       -824.9579114       -824.9579114   3.9898639947e-17   6.0867787590e-18   3.6480949697e-03 elocal
   100       4833.3333333       -942.8090416       -942.8090416   9.5626631613e-17  -6.3044662264e-18   3.8022575645e-03 elocal
   101       5166.6666667       -824.9579114       -824.9579114   4.7704895589e-18  -1.3789696381e-18   3.6451584615e-03 elocal
   102       5333.3333333       -942.8090416       -942.8090416  -1.4528309111e-17  -6.5475646823e-18   3.8055147655e-03 elocal
   103       5666.6666667       -824.9579114       -824.9579114   1.7130394325e-17  -2.3818566477e-18   3.6600880383e-03 elocal
   104       5833.3333333       -942.8090416       -942.8090416   9.5409791179e-18  -4.8789097762e-18   3.8280910119e-03 elocal
   105       6166.6666667       -824.9579114       -824.9579114   1.3444106939e-17  -3.5710909056e-18   3.6947858221e-03 elocal
   106       6333.3333333       -942.8090416       -942.8090416   2.4069288229e-17   5.6242987698e-19   3.8726965622e-03 elocal
   107       6666.6666667       -824.9579114       -824.9579114  -9.7578195524e-18   4.8789097762e-19   3.7538662020e-03 elocal
   108       6833.3333333       -942.8090416       -942.8090416   2.1684043450e-18  -3.9573379296e-18   3.9449045098e-03 elocal
   109       7166.6666667       -824.9579114       -824.9579114   4.5536491244e-18  -6.7762635780e-20   3.8456830636e-03 elocal
   110       7333.3333333       -942.8090416       -942.8090416  -2.8622937354e-17  -6.8914600589e-18   4.0542104429e-03 elocal
   111       7666.6666667       -824.9579114       -824.9579114  -1.3877787808e-17  -4.4045713257e-18   3.9842956159e-03 elocal
   112       7833.3333333       -942.8090416       -942.8090416   3.9031278209e-18   2.1006417092e-18   4.2158083165e-03 elocal
   113       8166.6666667       -824.9579114       -824.9579114   1.3010426070e-17  -2.4733362060e-18   4.1928525883e-03 elocal
   114       8333.3333333       -942.8090416       -942.8090416   1.8214596498e-17  -9.5714723040e-19   4.4529601624e-03 elocal
   115       8666.6666667       -824.9579114       -824.9579114  -2.0383000843e-17   3.1170812459e-18   4.5083066486e-03 elocal
   116       8833.3333333       -942.8090416       -942.8090416  -3.5995512127e-17  -3.0493186101e-18   4.7978195387e-03 elocal
   117       9166.6666667       -824.9579114       -824.9579114  -1.2143064332e-17  -5.8817967857e-18   4.9818571642e-03 elocal
   118       9333.3333333       -942.8090416       -942.8090416  -3.0357660830e-17   8.6736173799e-19   5.2797206326e-03 elocal
   119       9666.6666667       -824.9579114       -824.9579114   2.2551405188e-17   3.7947076037e-19   5.6417741017e-03 elocal
   120       9833.3333333       -942.8090416       -942.8090416  -8.2399365109e-18  -2.1684043450e-18   5.8684831955e-03 elocal
   121        166.6666667      -1178.5113020      -1178.5113020   0.0000000000e+00  -2.6562953226e-18   5.8375662431e-03 elocal
   122        333.3333333      -1296.3624322      -1296.3624322  -1.7347234760e-18   4.3368086899e-19   5.7126446588e-03 elocal
   123        666.6666667      -1178.5113020      -1178.5113020  -1.3010426070e-17  -1.7889335846e-18   5.4158263992e-03 elocal
   124        833.3333333      -1296.3624322      -1296.3624322   2.0816681712e-17   2.8189256485e-18   5.3512706681e-03 elocal
   125       1166.6666667      -1178.5113020      -1178.5113020   2.0816681712e-17   2.4936649967e-18   5.0353818407e-03 elocal
   126       1333.3333333      -1296.3624322      -1296.3624322  -7.3725747729e-18  -2.0488110102e-18   5.0324346615e-03 elocal
   127       1666.6666667      -1178.5113020      -1178.5113020  -1.5178830415e-17  -5.5565361340e-18   4.7361858432e-03 elocal
   128       1833.3333333      -1296.3624322      -1296.3624322   4.3368086899e-19   2.7689328463e-18   4.7800172763e-03 elocal
   129       2166.6666667      -1178.5113020      -1178.5113020   1.7347234760e-17  -4.7095031867e-19   4.5155309213e-03 elocal
   130       2333.3333333      -1296.3624322      -1296.3624322  -1.0842021725e-17  -1.1803566509e-18   4.5911787678e-03 elocal
   131       2666.6666667      -1178.5113020      -1178.5113020   5.1174342541e-17   2.1345230271e-19   4.3577476297e-03 elocal
   132       2833.3333333      -1296.3624322      -1296.3624322   1.9081958236e-17  -3.3083866830e-18   4.4545223600e-03 elocal
   133       3166.6666667      -1178.5113020      -1178.5113020   1.7347234760e-17   2.8290900438e-18   4.2475133343e-03 elocal
   134       3333.3333333      -1296.3624322      -1296.3624322   5.0740661672e-17   7.3694768355e-19   4.3586260078e-03 elocal
   135       3666.6666667      -1178.5113020      -1178.5113020  -1.6046192153e-17   1.1960105215e-18   4.1731693679e-03 elocal
   136       3833.3333333      -1296.3624322      -1296.3624322   1.7347234760e-17   5.6293578615e-18   4.2945524277e-03 elocal
   137       4166.6666667      -1178.5113020      -1178.5113020   2.1684043450e-18   2.4089617020e-18   4.1267330588e-03 elocal
   138       4333.3333333      -1296.3624322      -1296.3624322   4.9005938196e-17   6.0796093106e-18   4.2561081571e-03 elocal
   139       4666.6666667      -1178.5113020      -1178.5113020  -9.1506663358e-17   5.0957502107e-18   4.1032427617e-03 elocal
   140       4833.3333333      -1296.3624322      -1296.3624322   1.3010426070e-18  -6.6676549706e-19   4.2395306820e-03 elocal
   141       5166.6666667      -1178.5113020      -1178.5113020   2.2117724319e-17  -4.8848390068e-18   4.1001932791e-03 elocal
   142       5333.3333333      -1296.3624322      -1296.3624322  -2.8622937354e-17  -7.8881236793e-19   4.2431723109e-03 elocal
   143       5666.6666667      -1178.5113020      -1178.5113020   1.3877787808e-17  -4.7772658225e-19   4.1172234079e-03 elocal
   144       5833.3333333      -1296.3624322      -1296.3624322   3.2959746044e-17   7.0917788865e-18   4.2673409862e-03 elocal
   145       6166.6666667      -1178.5113020      -1178.5113020  -2.1684043450e-18  -3.9403972706e-18   4.1560720778e-03 elocal
   146       6333.3333333      -1296.3624322      -1296.3624322  -2.0383000843e-17   6.9457882522e-18   4.3143331124e-03 elocal
   147       6666.6666667      -1178.5113020      -1178.5113020   6.4618449480e-17  -6.9388939039e-18   4.2208029976e-03 elocal
   148       6833.3333333      -1296.3624322      -1296.3624322   2.9923979961e-17  -2.5942490960e-18   4.3886534987e-03 elocal
   149       7166.6666667      -1178.5113020      -1178.5113020   3.3393426913e-17   5.4413396532e-18   4.3182949007e-03 elocal
   150       7333.3333333      -1296.3624322      -1296.3624322  -1.6479873022e-17  -6.1225589522e-19   4.4973633419e-03 elocal
   151       7666.6666667      -1178.5113020      -1178.5113020   3.1658703437e-17   4.4469229731e-19   4.4589149626e-03 elocal
   152       7833.3333333      -1296.3624322      -1296.3624322  -2.3418766926e-17   4.3579847143e-18   4.6503121215e-03 elocal
   153       8166.6666667      -1178.5113020      -1178.5113020   2.6020852140e-17  -2.9815559743e-18   4.6569167975e-03 elocal
   154       8333.3333333      -1296.3624322      -1296.3624322   1.0408340856e-17   3.6842700564e-18   4.8594347204e-03 elocal
   155       8666.6666667      -1178.5113020      -1178.5113020   6.0715321659e-18   1.7889335846e-18   4.9288068009e-03 elocal
   156       8833.3333333      -1296.3624322      -1296.3624322   4.3368086899e-18   5.9977827143e-19   5.1348407655e-03 elocal
   157       9166.6666667      -1178.5113020      -1178.5113020  -3.9898639947e-17  -5.3125906452e-18   5.2845213225e-03 elocal
   158       9333.3333333      -1296.3624322      -1296.3624322   3.6862873865e-17   6.5634317163e-18   5.4732101138e-03 elocal
   159       9666.6666667      -1178.5113020      -1178.5113020   1.4311468677e-17   1.3010426070e-18   5.7026280059e-03 elocal
   160       9833.3333333      -1296.3624322      -1296.3624322   7.3725747729e-18  -2.0303349310e-18   5.8371311620e-03 elocal
   161        166.6666667      -1532.0646926      -1532.0646926   1.0408340856e-17   1.7889335846e-18   5.8323178370e-03 elocal
   162        333.3333333      -1649.9158228      -1649.9158228  -2.8622937354e-17  -1.4636729329e-18   5.7585817301e-03 elocal
   163        666.6666667      -1532.0646926      -1532.0646926   2.8189256485e-17   3.0357660830e-18   5.5584725242e-03 elocal
   164        833.3333333      -1649.9158228      -1649.9158228  -1.5612511284e-17   2.7105054312e-19   5.5161988707e-03 elocal
   165       1166.6666667      -1532.0646926      -1532.0646926   1.9949319974e-17  -1.0730356530e-18   5.2924717782e-03 elocal
   166       1333.3333333      -1649.9158228      -1649.9158228  -1.3010426070e-17  -7.9146758591e-18   5.2873526213e-03 elocal
   167       1666.6666667      -1532.0646926      -1532.0646926   5.7679555576e-17  -1.6263032587e-19   5.0635080260e-03 elocal
   168       1833.3333333      -1649.9158228      -1649.9158228   3.2092384306e-17   2.7647155398e-18   5.0919101601e-03 elocal
   169       2166.6666667      -1532.0646926      -1532.0646926  -1.0408340856e-17  -4.2825985813e-18   4.8807895877e-03 elocal
   170       2333.3333333      -1649.9158228      -1649.9158228  -1.5612511284e-17  -7.2506020285e-18   4.9357372348e-03 elocal
   171       2666.6666667      -1532.0646926      -1532.0646926   2.6020852140e-18   5.7530477778e-18   4.7419264321e-03 elocal
   172       2833.3333333      -1649.9158228      -1649.9158228   1.1145598333e-16  -6.6678433608e-18   4.8167469496e-03 elocal
   173       3166.6666667      -1532.0646926      -1532.0646926  -1.6046192153e-17   1.9922214919e-18   4.6404924524e-03 elocal
   174       3333.3333333      -1649.9158228      -1649.9158228   1.1709383463e-17  -5.1194671332e-18   4.7300099917e-03 elocal
   175       3666.6666667      -1532.0646926      -1532.0646926  -5.9414279052e-17  -3.0103550945e-18   4.5699103273e-03 elocal
   176       3833.3333333      -1649.9158228      -1649.9158228  -1.5612511284e-17   2.4682540083e-18   4.6704880335e-03 elocal
   177       4166.6666667      -1532.0646926      -1532.0646926   8.2833045978e-17   1.3213713977e-18   4.5249088889e-03 elocal
   178       4333.3333333      -1649.9158228      -1649.9158228  -5.7679555576e-17   4.5824482446e-19   4.6341588530e-03 elocal
   179       4666.6666667      -1532.0646926      -1532.0646926   3.5128150389e-17  -4.9254965883e-19   4.5018949742e-03 elocal
   180       4833.3333333      -1649.9158228      -1649.9158228   2.9056618223e-17  -7.8710536624e-18   4.6183717075e-03 elocal
   181       5166.6666667      -1532.0646926      -1532.0646926   1.9515639105e-17   2.8587361970e-19   4.4989585061e-03 elocal
   182       5333.3333333      -1649.9158228      -1649.9158228  -4.3368086899e-17   5.1433958140e-18   4.6219141720e-03 elocal
   183       5666.6666667      -1532.0646926      -1532.0646926   3.4694469520e-17   4.4543345114e-18   4.5158156153e-03 elocal
   184       5833.3333333      -1649.9158228      -1649.9158228  -1.4137996329e-16   2.0438905017e-18   4.6450088362e-03 elocal
   185       6166.6666667      -1532.0646926      -1532.0646926   2.7755575616e-17   2.8680535594e-18   4.5537976248e-03 elocal
   186       6333.3333333      -1649.9158228      -1649.9158228   8.6736173799e-19   2.9883322379e-18   4.6893151625e-03 elocal
   187       6666.6666667      -1532.0646926      -1532.0646926   1.4745149546e-17   2.5614276325e-18   4.6158987869e-03 elocal
   188       6833.3333333      -1649.9158228      -1649.9158228   1.2143064332e-17  -2.7105054312e-19   4.7579232744e-03 elocal
   189       7166.6666667      -1532.0646926      -1532.0646926   7.9363599026e-17  -1.4094628242e-18   4.7068143488e-03 elocal
   190       7333.3333333      -1649.9158228      -1649.9158228  -1.3010426070e-18  -1.4907779872e-18   4.8552279684e-03 elocal
   191       7666.6666667      -1532.0646926      -1532.0646926   4.5102810375e-17  -1.0435445910e-18   4.8327513251e-03 elocal
   192       7833.3333333      -1649.9158228      -1649.9158228  -2.9923979961e-17   6.1257422745e-18   4.9863966431e-03 elocal
   193       8166.6666667      -1532.0646926      -1532.0646926   1.7780915629e-17  -5.4210108624e-19   5.0004685878e-03 elocal
   194       8333.3333333      -1649.9158228      -1649.9158228  -5.2041704279e-18  -2.7105054312e-18   5.1558369589e-03 elocal
   195       8666.6666667      -1532.0646926      -1532.0646926   1.9515639105e-17   1.8160386389e-18   5.2144166563e-03 elocal
   196       8833.3333333      -1649.9158228      -1649.9158228  -7.4159428598e-17  -5.2583805366e-18   5.3637377986e-03 elocal
   197       9166.6666667      -1532.0646926      -1532.0646926  -3.4694469520e-18   7.0473141212e-19   5.4704284709e-03 elocal
   198       9333.3333333      -1649.9158228      -1649.9158228  -2.5587171271e-17   3.3610267347e-18   5.6002366944e-03 elocal
   199       9666.6666667      -1532.0646926      -1532.0646926   8.2399365109e-18   3.9031278209e-18   5.7465826099e-03 elocal
   200       9833.3333333      -1649.9158228      -1649.9158228   1.1275702594e-17  -3.2526065175e-19   5.8401610950e-03 elocal
   201        166.6666667      -1885.6180832      -1885.6180832   1.3444106939e-17   1.6263032587e-18   5.8518536253e-03 elocal
   202        333.3333333      -2003.4692134      -2003.4692134   1.0842021725e-17   0.0000000000e+00   5.8082500877e-03 elocal
   203        666.6666667      -1885.6180832      -1885.6180832  -1.3010426070e-18  -1.6263032587e-19   5.6658144043e-03 elocal
   204        833.3333333      -2003.4692134      -2003.4692134  -9.5409791179e-18   1.8431436932e-18   5.6408604641e-03 elocal
   205       1166.6666667      -1885.6180832      -1885.6180832  -2.4286128664e-17  -5.4481159167e-18   5.4786043663e-03 elocal
   206       1333.3333333      -2003.4692134      -2003.4692134  -3.9031278209e-17   4.7162794503e-18   5.4770297118e-03 elocal
   207       1666.6666667      -1885.6180832      -1885.6180832  -2.2985086057e-17  -3.7133924408e-18   5.3085032290e-03 elocal
   208       1833.3333333      -2003.4692134      -2003.4692134   6.5052130349e-18   9.3512437377e-18   5.3302379651e-03 elocal
   209       2166.6666667      -1885.6180832      -1885.6180832   0.0000000000e+00  -2.4665599424e-18   5.1650937164e-03 elocal
   210       2333.3333333      -2003.4692134      -2003.4692134   4.5970172113e-17  -3.9844429839e-18   5.2072608516e-03 elocal
   211       2666.6666667      -1885.6180832      -1885.6180832  -4.5536491244e-17  -3.2526065175e-19   5.0508149254e-03 elocal
   212       2833.3333333      -2003.4692134      -2003.4692134  -1.0408340856e-17  -5.7462715142e-18   5.1096780057e-03 elocal
   213       3166.6666667      -1885.6180832      -1885.6180832  -4.9005938196e-17  -4.3503612171e-18   4.9641500365e-03 elocal
   214       3333.3333333      -2003.4692134      -2003.4692134   1.9949319974e-17  -3.3881317890e-19   5.0362224807e-03 elocal
   215       3666.6666667      -1885.6180832      -1885.6180832   2.0816681712e-17  -3.3881317890e-20   4.9021439640e-03 elocal
   216       3833.3333333      -2003.4692134      -2003.4692134  -1.7347234760e-17   1.1235045012e-17   4.9846060333e-03 elocal
   217       4166.6666667      -1885.6180832      -1885.6180832   3.9464959078e-17   1.6263032587e-19   4.8618495478e-03 elocal
   218       4333.3333333      -2003.4692134      -2003.4692134   4.2500725161e-17   8.1315162936e-18   4.9526001022e-03 elocal
   219       4666.6666667      -1885.6180832      -1885.6180832  -3.4694469520e-18   8.4703294725e-21   4.8410161467e-03 elocal
   220       4833.3333333      -2003.4692134      -2003.4692134   2.2985086057e-17  -1.7694518268e-18   4.9385792761e-03 elocal
   221       5166.6666667      -1885.6180832      -1885.6180832   2.6454533009e-17   4.2241533080e-18   4.8383713997e-03 elocal
   222       5333.3333333      -2003.4692134      -2003.4692134  -5.1174342541e-17   7.7096938859e-18   4.9417593367e-03 elocal
   223       5666.6666667      -1885.6180832      -1885.6180832  -2.5587171271e-17  -1.6500201813e-18   4.8537164618e-03 elocal
   224       5833.3333333      -2003.4692134      -2003.4692134   6.0715321659e-18   1.2725823000e-17   4.9622777361e-03 elocal
   225       6166.6666667      -1885.6180832      -1885.6180832   3.9031278209e-17   4.5367084655e-18   4.8879364633e-03 elocal
   226       6333.3333333      -2003.4692134      -2003.4692134  -3.3827107782e-17  -2.4597836788e-18   5.0011787720e-03 elocal
   227       6666.6666667      -1885.6180832      -1885.6180832  -5.6378512969e-18  -2.8257019120e-18   4.9429400781e-03 elocal
   228       6833.3333333      -2003.4692134      -2003.4692134  -3.4694469520e-17  -8.5380921083e-19   5.0602921412e-03 elocal
   229       7166.6666667      -1885.6180832      -1885.6180832  -1.1275702594e-17   1.2061749169e-18   5.0214597553e-03 elocal
   230       7333.3333333      -2003.4692134      -2003.4692134   2.8622937354e-17  -2.5343225782e-18   5.1419173638e-03 elocal
   231       7666.6666667      -1885.6180832      -1885.6180832  -3.4694469520e-18   2.4394548881e-18   5.1265380706e-03 elocal
   232       7833.3333333      -2003.4692134      -2003.4692134   6.5052130349e-18  -4.1470733098e-18   5.2481373324e-03 elocal
   233       8166.6666667      -1885.6180832      -1885.6180832  -3.4260788651e-17  -1.3552527156e-19   5.2603904129e-03 elocal
   234       8333.3333333      -2003.4692134      -2003.4692134   9.5409791179e-18  -1.7076184217e-18   5.3795147521e-03 elocal
   235       8666.6666667      -1885.6180832      -1885.6180832   2.5153490402e-17  -2.7918205942e-18   5.4222706832e-03 elocal
   236       8833.3333333      -2003.4692134      -2003.4692134   2.6888213878e-17  -1.6534083130e-18   5.5330334647e-03 elocal
   237       9166.6666667      -1885.6180832      -1885.6180832  -9.1072982489e-18   8.6736173799e-19   5.6053601409e-03 elocal
   238       9333.3333333      -2003.4692134      -2003.4692134   6.5052130349e-18   4.0657581468e-18   5.6997838898e-03 elocal
   239       9666.6666667      -1885.6180832      -1885.6180832  -8.6736173799e-19   9.7578195524e-19   5.7942086124e-03 elocal
   240       9833.3333333      -2003.4692134      -2003.4692134  -3.9031278209e-18  -3.6320772778e-18   5.8642403231e-03 elocal
   241        166.6666667      -2239.1714738      -2239.1714738   9.1072982489e-18  -2.1684043450e-19   5.8843007325e-03 elocal
   242        333.3333333      -2357.0226040      -2357.0226040  -1.7347234760e-17  -3.4152368433e-18   5.8590849679e-03 elocal
   243        666.6666667      -2239.1714738      -2239.1714738   1.1275702594e-17   1.5991982044e-18   5.7546742356e-03 elocal
   244        833.3333333      -2357.0226040      -2357.0226040  -2.2985086057e-17  -4.8789097762e-18   5.7415551289e-03 elocal
   245       1166.6666667      -2239.1714738      -2239.1714738   2.0383000843e-17  -3.7947076037e-18   5.6219021665e-03 elocal
   246       1333.3333333      -2357.0226040      -2357.0226040  -9.5409791179e-18  -2.2497195079e-18   5.6241985429e-03 elocal
   247       1666.6666667      -2239.1714738      -2239.1714738  -8.2399365109e-18  -4.6891743960e-18   5.4972139811e-03 elocal
   248       1833.3333333      -2357.0226040      -2357.0226040  -4.2067044292e-17   2.8189256485e-18   5.5157636002e-03 elocal
   249       2166.6666667      -2239.1714738      -2239.1714738   5.2909066017e-17  -3.4423418976e-18   5.3880551423e-03 elocal
   250       2333.3333333      -2357.0226040      -2357.0226040  -2.0383000843e-17  -1.8160386389e-18   5.4218325074e-03 elocal
   251       2666.6666667      -2239.1714738      -2239.1714738   1.9081958236e-17  -2.6562953226e-18   5.2979180300e-03 elocal
   252       2833.3333333      -2357.0226040      -2357.0226040  -4.2067044292e-17  -3.4965520063e-18   5.3449484678e-03 elocal
   253       3166.6666667      -2239.1714738      -2239.1714738  -1.7347234760e-17  -1.9651164376e-18   5.2274660834e-03 elocal
   254       3333.3333333      -2357.0226040      -2357.0226040  -3.5561831258e-17  -4.3232561628e-18   5.2855449024e-03 elocal
   255       3666.6666667      -2239.1714738      -2239.1714738   4.4235448637e-17  -3.7337212315e-18   5.1758562195e-03 elocal
   256       3833.3333333      -2357.0226040      -2357.0226040  -6.5919492087e-17  -1.7347234760e-18   5.2429544738e-03 elocal
   257       4166.6666667      -2239.1714738      -2239.1714738  -2.6020852140e-17   3.0560948737e-18   5.1417490793e-03 elocal
   258       4333.3333333      -2357.0226040      -2357.0226040   6.0715321659e-18   3.6388535414e-18   5.2161760389e-03 elocal
   259       4666.6666667      -2239.1714738      -2239.1714738   1.2576745201e-17   1.2536087619e-18   5.1239363011e-03 elocal
   260       4833.3333333      -2357.0226040      -2357.0226040   2.2117724319e-17  -5.5768649247e-18   5.2043575624e-03 elocal
   261       5166.6666667      -2239.1714738      -2239.1714738  -4.6837533851e-17  -4.3029273721e-18   5.1216772565e-03 elocal
   262       5333.3333333      -2357.0226040      -2357.0226040   1.2143064332e-17   2.7494689468e-18   5.2070564572e-03 elocal
   263       5666.6666667      -2239.1714738      -2239.1714738   0.0000000000e+00   2.6630715862e-18   5.1348470517e-03 elocal
   264       5833.3333333      -2357.0226040      -2357.0226040  -8.1532003371e-17  -2.7782680670e-19   5.2243430555e-03 elocal
   265       6166.6666667      -2239.1714738      -2239.1714738  -2.2117724319e-17  -3.8895752938e-18   5.1639559096e-03 elocal
   266       6333.3333333      -2357.0226040      -2357.0226040   1.3140530331e-16  -1.1790698626e-18   5.2567811706e-03 elocal
   267       6666.6666667      -2239.1714738      -2239.1714738  -6.0715321659e-18  -1.7347234760e-18   5.2100491019e-03 elocal
   268       6833.3333333      -2357.0226040      -2357.0226040  -2.9490299092e-17  -3.0899761916e-18   5.3052794971e-03 elocal
   269       7166.6666667      -2239.1714738      -2239.1714738  -3.0357660830e-18  -5.8275866771e-19   5.2744453203e-03 elocal
   270       7333.3333333      -2357.0226040      -2357.0226040  -1.1275702594e-17  -4.5265440701e-18   5.3707686273e-03 elocal
   271       7666.6666667      -2239.1714738      -2239.1714738  -1.1275702594e-17  -7.4267848815e-18   5.3582240928e-03 elocal
   272       7833.3333333      -2357.0226040      -2357.0226040  -8.2399365109e-18  -2.2768245622e-18   5.4536335758e-03 elocal
   273       8166.6666667      -2239.1714738      -2239.1714738  -1.1709383463e-17  -1.5991982044e-18   5.4613557159e-03 elocal
   274       8333.3333333      -2357.0226040      -2357.0226040  -2.6888213878e-17  -5.4210108624e-19   5.5528580640e-03 elocal
   275       8666.6666667      -2239.1714738      -2239.1714738  -3.5128150389e-17   2.1684043450e-18   5.5814597246e-03 elocal
   276       8833.3333333      -2357.0226040      -2357.0226040   1.1709383463e-17  -3.4152368433e-18   5.6649886610e-03 elocal
   277       9166.6666667      -2239.1714738      -2239.1714738  -3.5995512127e-17  -3.7947076037e-19   5.7125134207e-03 elocal
   278       9333.3333333      -2357.0226040      -2357.0226040  -2.1250362581e-17  -2.1412992907e-18   5.7833661315e-03 elocal
   279       9666.6666667      -2239.1714738      -2239.1714738   1.9081958236e-17   7.3183646643e-19   5.8444243110e-03 elocal
   280       9833.3333333      -2357.0226040      -2357.0226040   0.0000000000e+00  -3.0899761916e-18   5.8984463997e-03 elocal
   281        166.6666667      -2592.7248644      -2592.7248644   2.6020852140e-18  -2.8460307028e-18   5.9215775867e-03 elocal
   282        333.3333333      -2710.5759945      -2710.5759945  -1.0842021725e-17  -3.7947076037e-19   5.9077371097e-03 elocal
   283        666.6666667      -2592.7248644      -2592.7248644   2.1684043450e-17   5.6920614055e-19   5.8302243125e-03 elocal
   284        833.3333333      -2710.5759945      -2710.5759945   5.2041704279e-18   6.0986372202e-18   5.8246995951e-03 elocal
   285       1166.6666667      -2592.7248644      -2592.7248644   1.3010426070e-17  -2.9273458657e-18   5.7357667757e-03 elocal
   286       1333.3333333      -2710.5759945      -2710.5759945  -5.6378512969e-18   5.6920614055e-18   5.7407941310e-03 elocal
   287       1666.6666667      -2592.7248644      -2592.7248644   3.0357660830e-18  -2.6562953226e-18   5.6451894872e-03 elocal
   288       1833.3333333      -2710.5759945      -2710.5759945   1.4311468677e-17   2.4123498338e-18   5.6616763990e-03 elocal
   289       2166.6666667      -2592.7248644      -2592.7248644   9.5409791179e-18  -1.3010426070e-18   5.5638038002e-03 elocal
   290       2333.3333333      -2710.5759945      -2710.5759945  -7.3725747729e-18  -4.3910187986e-18   5.5914949544e-03 elocal
   291       2666.6666667      -2592.7248644      -2592.7248644   3.4694469520e-17  -1.9244588562e-18   5.4948055357e-03 elocal
   292       2833.3333333      -2710.5759945      -2710.5759945  -4.7704895589e-17   1.8973538018e-19   5.5326907350e-03 elocal
   293       3166.6666667      -2592.7248644      -2592.7248644  -3.0357660830e-18   1.7347234760e-18   5.4395842718e-03 elocal
   294       3333.3333333      -2710.5759945      -2710.5759945  -4.3368086899e-18  -7.5894152074e-19   5.4863087514e-03 elocal
   295       3666.6666667      -2592.7248644      -2592.7248644   3.3827107782e-17   3.3610267347e-18   5.3983415747e-03 elocal
   296       3833.3333333      -2710.5759945      -2710.5759945  -2.4286128664e-17   7.0066565397e-18   5.4524997812e-03 elocal
   297       4166.6666667      -2592.7248644      -2592.7248644  -6.0715321659e-18   5.7869290956e-18   5.3706945520e-03 elocal
   298       4333.3333333      -2710.5759945      -2710.5759945   4.5970172113e-17   1.0835245461e-17   5.4309915355e-03 elocal
   299       4666.6666667      -2592.7248644      -2592.7248644  -1.7347234760e-18   6.5086011667e-18   5.3561285314e-03 elocal
   300       4833.3333333      -2710.5759945      -2710.5759945   3.4694469520e-18  -1.8550021545e-18   5.4214376563e-03 elocal
   301       5166.6666667      -2592.7248644      -2592.7248644  -6.9388939039e-18  -4.0149361700e-19   5.3542811962e-03 elocal
   302       5333.3333333      -2710.5759945      -2710.5759945  -2.0816681712e-17   7.0371497258e-18   5.4236313803e-03 elocal
   303       5666.6666667      -2592.7248644      -2592.7248644   4.3368086899e-18  -8.4025668368e-19   5.3650829072e-03 elocal
   304       5833.3333333      -2710.5759945      -2710.5759945   4.3368086899e-18   8.7549325428e-18   5.4375979205e-03 elocal
   305       6166.6666667      -2592.7248644      -2592.7248644  -6.4184768611e-17  -2.9408983929e-18   5.3887764111e-03 elocal
   306       6333.3333333      -2710.5759945      -2710.5759945   3.4694469520e-17  -3.4287893705e-18   5.4635771555e-03 elocal
   307       6666.6666667      -2592.7248644      -2592.7248644  -1.5178830415e-17   2.4394548881e-19   5.4258200769e-03 elocal
   308       6833.3333333      -2710.5759945      -2710.5759945   9.1506663358e-17   3.6591823321e-19   5.5018945047e-03 elocal
   309       7166.6666667      -2592.7248644      -2592.7248644   3.9898639947e-17   1.0110185258e-17   5.4766575547e-03 elocal
   310       7333.3333333      -2710.5759945      -2710.5759945  -6.2883726004e-17  -5.0415401021e-18   5.5527060884e-03 elocal
   311       7666.6666667      -2592.7248644      -2592.7248644   1.2143064332e-17  -1.6263032587e-18   5.5413266578e-03 elocal
   312       7833.3333333      -2710.5759945      -2710.5759945  -5.6378512969e-18  -7.4809949901e-18   5.6156086794e-03 elocal
   313       8166.6666667      -2592.7248644      -2592.7248644  -2.2551405188e-17  -1.7618285303e-18   5.6189031262e-03 elocal
   314       8333.3333333      -2710.5759945      -2710.5759945   1.2143064332e-17   1.9786689648e-18   5.6891458963e-03 elocal
   315       8666.6666667      -2592.7248644      -2592.7248644   1.9949319974e-17   2.5749801597e-18   5.7068634782e-03 elocal
   316       8833.3333333      -2710.5759945      -2710.5759945  -2.4286128664e-17  -5.8546917314e-18   5.7703386762e-03 elocal
   317       9166.6666667      -2592.7248644      -2592.7248644  -1.7780915629e-17  -5.1770653736e-18   5.8006216228e-03 elocal
   318       9333.3333333      -2710.5759945      -2710.5759945   2.9923979961e-17  -1.5991982044e-18   5.8545024696e-03 elocal
   319       9666.6666667      -2592.7248644      -2592.7248644   6.5052130349e-18   1.6534083130e-18   5.8936657054e-03 elocal
   320       9833.3333333      -2710.5759945      -2710.5759945  -6.5052130349e-18  -2.0599841277e-18   5.9356740110e-03 elocal
   321        166.6666667      -2946.2782549      -2946.2782549   0.0000000000e+00  -5.9631119487e-19   5.9586377885e-03 elocal
   322        333.3333333      -3064.1293851      -3064.1293851  -2.2985086057e-17   6.5052130349e-19   5.9517896232e-03 elocal
   323        666.6666667      -2946.2782549      -2946.2782549  -3.4694469520e-18  -2.8731357571e-18   5.8941827733e-03 elocal
   324        833.3333333      -3064.1293851      -3064.1293851   1.0408340856e-17  -1.4094628242e-18   5.8932512594e-03 elocal
   325       1166.6666667      -2946.2782549      -2946.2782549   5.6378512969e-18   7.0473141212e-19   5.8271559770e-03 elocal
   326       1333.3333333      -3064.1293851      -3064.1293851   6.9388939039e-18  -1.6263032587e-18   5.8336347442e-03 elocal
   327       1666.6666667      -2946.2782549      -2946.2782549  -6.4618449480e-17   1.0028870095e-18   5.7619819028e-03 elocal
   328       1833.3333333      -3064.1293851      -3064.1293851  -2.5153490402e-17   4.3368086899e-18   5.7766224565e-03 elocal
   329       2166.6666667      -2946.2782549      -2946.2782549  -2.0816681712e-17   5.3668007538e-18   5.7023359342e-03 elocal
   330       2333.3333333      -3064.1293851      -3064.1293851   1.1709383463e-17   3.4694469520e-18   5.7251717512e-03 elocal
   331       2666.6666667      -2946.2782549      -2946.2782549  -1.8214596498e-17  -2.9815559743e-19   5.6507693015e-03 elocal
   332       2833.3333333      -3064.1293851      -3064.1293851  -3.0791341699e-17   3.7133924408e-18   5.6812928509e-03 elocal
   333       3166.6666667      -2946.2782549      -2946.2782549   2.9490299092e-17   3.3881317890e-19   5.6087349340e-03 elocal
   334       3333.3333333      -3064.1293851      -3064.1293851  -6.1582683397e-17   5.8275866771e-18   5.6461188497e-03 elocal
   335       3666.6666667      -2946.2782549      -2946.2782549  -1.9515639105e-17   3.6591823321e-18   5.5768496381e-03 elocal
   336       3833.3333333      -3064.1293851      -3064.1293851   3.1658703437e-17   3.8353651852e-18   5.6201351562e-03 elocal
   337       4166.6666667      -2946.2782549      -2946.2782549  -3.3827107782e-17  -3.6659585957e-18   5.5552227627e-03 elocal
   338       4333.3333333      -3064.1293851      -3064.1293851   2.9056618223e-17   5.1025264743e-18   5.6034444204e-03 elocal
   339       4666.6666667      -2946.2782549      -2946.2782549   1.3010426070e-18   4.3300324264e-18   5.5437445592e-03 elocal
   340       4833.3333333      -3064.1293851      -3064.1293851  -5.7245874707e-17   2.8629713617e-18   5.5959908980e-03 elocal
   341       5166.6666667      -2946.2782549      -2946.2782549  -5.3342746886e-17  -3.3169810214e-18   5.5422893758e-03 elocal
   342       5333.3333333      -3064.1293851      -3064.1293851   2.8189256485e-17   3.5710909056e-18   5.5977115445e-03 elocal
   343       5666.6666667      -2946.2782549      -2946.2782549   1.6479873022e-17  -1.0164395367e-19   5.5508242126e-03 elocal
   344       5833.3333333      -3064.1293851      -3064.1293851   1.2143064332e-17   1.2739375527e-18   5.6086053367e-03 elocal
   345       6166.6666667      -2946.2782549      -2946.2782549  -5.6378512969e-18  -7.7249404790e-19   5.5694247507e-03 elocal
   346       6333.3333333      -3064.1293851      -3064.1293851   2.1684043450e-18  -1.0570971182e-18   5.6287204372e-03 elocal
   347       6666.6666667      -2946.2782549      -2946.2782549  -2.1684043450e-17   2.9815559743e-19   5.5981997552e-03 elocal
   348       6833.3333333      -3064.1293851      -3064.1293851  -6.9822619908e-17   5.4616684439e-18   5.6580593183e-03 elocal
   349       7166.6666667      -2946.2782549      -2946.2782549  -1.4745149546e-17  -8.1315162936e-19   5.6371216547e-03 elocal
   350       7333.3333333      -3064.1293851      -3064.1293851  -1.4745149546e-17   3.4965520063e-18   5.6964038266e-03 elocal
   351       7666.6666667      -2946.2782549      -2946.2782549   2.9056618223e-17   2.2497195079e-18   5.6857667394e-03 elocal
   352       7833.3333333      -3064.1293851      -3064.1293851  -2.6454533009e-17  -3.6591823321e-18   5.7430743632e-03 elocal
   353       8166.6666667      -2946.2782549      -2946.2782549  -2.3418766926e-17  -7.5894152074e-19   5.7429941368e-03 elocal
   354       8333.3333333      -3064.1293851      -3064.1293851   3.9031278209e-18   2.6291902683e-18   5.7966675356e-03 elocal
   355       8666.6666667      -2946.2782549      -2946.2782549  -3.3827107782e-17  -1.9244588562e-18   5.8066459818e-03 elocal
   356       8833.3333333      -3064.1293851      -3064.1293851  -1.9949319974e-17   4.3368086899e-18   5.8548640455e-03 elocal
   357       9166.6666667      -2946.2782549      -2946.2782549  -1.7780915629e-17  -2.0328790734e-18   5.8734195059e-03 elocal
   358       9333.3333333      -3064.1293851      -3064.1293851   9.1072982489e-18   4.8789097762e-19   5.9144403050e-03 elocal
   359       9666.6666667      -2946.2782549      -2946.2782549  -1.7347234760e-18  -1.5720931501e-18   5.9390909582e-03 elocal
   360       9833.3333333      -3064.1293851      -3064.1293851  -4.3368086899e-18  -2.1684043450e-19   5.9716012266e-03 elocal
   361        166.6666667      -3299.8316455      -3299.8316455   0.0000000000e+00  -1.2739375527e-18   5.9925382538e-03 elocal
   362        333.3333333      -3417.6827757      -3417.6827757  -1.9515639105e-17  -1.4907779872e-18   5.9898748836e-03 elocal
   363        666.6666667      -3299.8316455      -3299.8316455   3.9031278209e-18   6.9659989582e-18   5.9473922556e-03 elocal
   364        833.3333333      -3417.6827757      -3417.6827757  -1.7780915629e-17  -1.1655173354e-18   5.9490130040e-03 elocal
   365       1166.6666667      -3299.8316455      -3299.8316455   4.7704895589e-18   3.2797115718e-18   5.9002353820e-03 elocal
   366       1333.3333333      -3417.6827757      -3417.6827757  -2.8189256485e-17   7.8604657505e-19   5.9071373852e-03 elocal
   367       1666.6666667      -3299.8316455      -3299.8316455   6.5052130349e-18   3.6049722235e-18   5.8539159065e-03 elocal
   368       1833.3333333      -3417.6827757      -3417.6827757   1.0408340856e-17   2.2226144536e-18   5.8666649676e-03 elocal
   369       2166.6666667      -3299.8316455      -3299.8316455  -2.9923979961e-17   1.3010426070e-18   5.8109473097e-03 elocal
   370       2333.3333333      -3417.6827757      -3417.6827757   6.9388939039e-17   6.6136332522e-18   5.8296623798e-03 elocal
   371       2666.6666667      -3299.8316455      -3299.8316455  -1.7347234760e-18  -2.4394548881e-18   5.7732446635e-03 elocal
   372       2833.3333333      -3417.6827757      -3417.6827757   1.9515639105e-17   2.6562953226e-18   5.7976722429e-03 elocal
   373       3166.6666667      -3299.8316455      -3299.8316455   3.3827107782e-17  -2.7782680670e-18   5.7420695242e-03 elocal
   374       3333.3333333      -3417.6827757      -3417.6827757   6.5052130349e-18  -3.1848438817e-18   5.7716995160e-03 elocal
   375       3666.6666667      -3299.8316455      -3299.8316455  -2.2117724319e-17  -2.1277467635e-18   5.7181268041e-03 elocal
   376       3833.3333333      -3417.6827757      -3417.6827757   4.0332320816e-17   3.5914196964e-18   5.7523062156e-03 elocal
   377       4166.6666667      -3299.8316455      -3299.8316455   2.4719809533e-17   3.3949080526e-18   5.7017314699e-03 elocal
   378       4333.3333333      -3417.6827757      -3417.6827757  -5.9847959921e-17  -1.3010426070e-18   5.7397504987e-03 elocal
   379       4666.6666667      -3299.8316455      -3299.8316455   4.3368086899e-18  -7.1286292841e-18   5.6929776194e-03 elocal
   380       4833.3333333      -3417.6827757      -3417.6827757   3.9031278209e-18  -2.0989476433e-18   5.7341197271e-03 elocal
   381       5166.6666667      -3299.8316455      -3299.8316455   3.2526065175e-17   2.3496693957e-18   5.6918694971e-03 elocal
   382       5333.3333333      -3417.6827757      -3417.6827757  -4.4235448637e-17  -5.4210108624e-19   5.7354273974e-03 elocal
   383       5666.6666667      -3299.8316455      -3299.8316455   2.2985086057e-17  -2.6427427954e-18   5.6983958744e-03 elocal
   384       5833.3333333      -3417.6827757      -3417.6827757  -6.3317406873e-17  -2.3716922523e-19   5.7436597545e-03 elocal
   385       6166.6666667      -3299.8316455      -3299.8316455   3.2526065175e-17   1.9244588562e-18   5.7125415190e-03 elocal
   386       6333.3333333      -3417.6827757      -3417.6827757  -4.3801767768e-17  -3.5643146420e-18   5.7587673397e-03 elocal
   387       6666.6666667      -3299.8316455      -3299.8316455  -1.7347234760e-18   2.6834003769e-18   5.7342351673e-03 elocal
   388       6833.3333333      -3417.6827757      -3417.6827757  -9.5409791179e-18  -5.1364077922e-18   5.7806024044e-03 elocal
   389       7166.6666667      -3299.8316455      -3299.8316455  -4.7704895589e-18  -3.4965520063e-18   5.7632380119e-03 elocal
   390       7333.3333333      -3417.6827757      -3417.6827757  -1.9081958236e-17  -1.3552527156e-19   5.8088094795e-03 elocal
   391       7666.6666667      -3299.8316455      -3299.8316455  -1.6046192153e-17  -8.4296718911e-18   5.7989860311e-03 elocal
   392       7833.3333333      -3417.6827757      -3417.6827757  -6.5052130349e-18   2.2497195079e-18   5.8426875933e-03 elocal
   393       8166.6666667      -3299.8316455      -3299.8316455  -6.5052130349e-18  -2.9815559743e-19   5.8404177855e-03 elocal
   394       8333.3333333      -3417.6827757      -3417.6827757   1.7347234760e-18  -1.2468324984e-18   5.8810603321e-03 elocal
   395       8666.6666667      -3299.8316455      -3299.8316455  -3.1225022568e-17   2.1412992907e-18   5.8858455550e-03 elocal
   396       8833.3333333      -3417.6827757      -3417.6827757   4.2500725161e-17   2.5749801597e-18   5.9222096460e-03 elocal
   397       9166.6666667      -3299.8316455      -3299.8316455  -3.0791341699e-17  -1.2739375527e-18   5.9329495439e-03 elocal
   398       9333.3333333      -3417.6827757      -3417.6827757  -1.5178830415e-17   2.3310346708e-18   5.9639370015e-03 elocal
   399       9666.6666667      -3299.8316455      -3299.8316455   2.9056618223e-17  -1.0028870095e-18   5.9789666661e-03 elocal
   400       9833.3333333      -3417.6827757      -3417.6827757   1.2143064332e-17   5.4210108624e-20   6.0037910687e-03 elocal
   401        166.6666667      -3653.3850361      -3653.3850361  -4.3368086899e-18   1.4907779872e-18   6.0217548256e-03 elocal
   402        333.3333333      -3771.2361663      -3771.2361663  -4.3368086899e-18   2.0057740191e-18   6.0214656476e-03 elocal
   403        666.6666667      -3653.3850361      -3653.3850361  -9.9746599869e-18  -1.6805133674e-18   5.9906238424e-03 elocal
   404        833.3333333      -3771.2361663      -3771.2361663   4.7271214720e-17   1.8160386389e-18   5.9934538446e-03 elocal
   405       1166.6666667      -3653.3850361      -3653.3850361   0.0000000000e+00   8.5651971626e-18   5.9579473135e-03 elocal
   406       1333.3333333      -3771.2361663      -3771.2361663   8.2399365109e-18  -2.0870891820e-18   5.9645624587e-03 elocal
   407       1666.6666667      -3653.3850361      -3653.3850361   6.5052130349e-18  -1.6263032587e-19   5.9255793086e-03 elocal
   408       1833.3333333      -3771.2361663      -3771.2361663  -2.1684043450e-18   8.4025668368e-19   5.9363859830e-03 elocal
   409       2166.6666667      -3653.3850361      -3653.3850361   4.4235448637e-17   3.3881317890e-18   5.8952283795e-03 elocal
   410       2333.3333333      -3771.2361663      -3771.2361663   6.9388939039e-18  -2.9273458657e-18   5.9103510270e-03 elocal
   411       2666.6666667      -3653.3850361      -3653.3850361  -6.9388939039e-17  -3.1983964088e-18   5.8682836789e-03 elocal
   412       2833.3333333      -3771.2361663      -3771.2361663   6.9388939039e-18   1.3552527156e-18   5.8875942256e-03 elocal
   413       3166.6666667      -3653.3850361      -3653.3850361  -7.3725747729e-18  -2.7918205942e-18   5.8457491757e-03 elocal
   414       3333.3333333      -3771.2361663      -3771.2361663   2.8622937354e-17  -5.0144350477e-19   5.8689266516e-03 elocal
   415       3666.6666667      -3653.3850361      -3653.3850361   2.8622937354e-17  -1.8295911661e-18   5.8282690247e-03 elocal
   416       3833.3333333      -3771.2361663      -3771.2361663  -2.9923979961e-17  -5.8140341500e-18   5.8548658906e-03 elocal
   417       4166.6666667      -3653.3850361      -3653.3850361  -5.6378512969e-18  -7.0811954390e-18   5.8162060071e-03 elocal
   418       4333.3333333      -3771.2361663      -3771.2361663   2.1250362581e-17  -1.0435445910e-18   5.8457041172e-03 elocal
   419       4666.6666667      -3653.3850361      -3653.3850361   4.3368086899e-18  -5.7733765685e-18   5.8097342729e-03 elocal
   420       4833.3333333      -3771.2361663      -3771.2361663   2.5153490402e-17   8.1315162936e-20   5.8415819556e-03 elocal
   421       5166.6666667      -3653.3850361      -3653.3850361   6.2016364266e-17   3.7811550765e-18   5.8089176152e-03 elocal
   422       5333.3333333      -3771.2361663      -3771.2361663  -4.2067044292e-17  -7.3759629047e-18   5.8425462318e-03 elocal
   423       5666.6666667      -3653.3850361      -3653.3850361   5.0306980803e-17  -5.5565361340e-19   5.8137562440e-03 elocal
   424       5833.3333333      -3771.2361663      -3771.2361663  -4.8572257327e-17  -5.9902170030e-18   5.8485789035e-03 elocal
   425       6166.6666667      -3653.3850361      -3653.3850361   5.4643789493e-17  -1.4772254600e-18   5.8241943126e-03 elocal
   426       6333.3333333      -3771.2361663      -3771.2361663   2.0816681712e-17  -6.4645554534e-18   5.8595919855e-03 elocal
   427       6666.6666667      -3653.3850361      -3653.3850361  -3.2092384306e-17  -5.9631119487e-19   5.8400872007e-03 elocal
   428       6833.3333333      -3771.2361663      -3771.2361663  -2.5153490402e-17  -4.7027269232e-18   5.8753894682e-03 elocal
   429       7166.6666667      -3653.3850361      -3653.3850361   5.9414279052e-17  -3.7947076037e-19   5.8611338387e-03 elocal
   430       7333.3333333      -3771.2361663      -3771.2361663  -3.8597597340e-17  -5.8275866771e-18   5.8956036558e-03 elocal
   431       7666.6666667      -3653.3850361      -3653.3850361  -2.4286128664e-17  -4.9602249391e-18   5.8867875172e-03 elocal
   432       7833.3333333      -3771.2361663      -3771.2361663  -2.8189256485e-17  -3.2526065175e-18   5.9196213754e-03 elocal
   433       8166.6666667      -3653.3850361      -3653.3850361   1.3444106939e-17  -3.9302328753e-18   5.9161695988e-03 elocal
   434       8333.3333333      -3771.2361663      -3771.2361663   2.9490299092e-17   4.4181238529e-18   5.9465247493e-03 elocal
   435       8666.6666667      -3653.3850361      -3653.3850361  -4.3368086899e-18  -1.5178830415e-18   5.9480218461e-03 elocal
   436       8833.3333333      -3771.2361663      -3771.2361663   8.6736173799e-18  -3.0086610286e-18   5.9750780904e-03 elocal
   437       9166.6666667      -3653.3850361      -3653.3850361  -1.3010426070e-17  -1.6263032587e-18   5.9807373274e-03 elocal
   438       9333.3333333      -3771.2361663      -3771.2361663  -5.6378512969e-18  -4.2283884727e-18   6.0037901486e-03 elocal
   439       9666.6666667      -3653.3850361      -3653.3850361   1.6479873022e-17  -5.4210108624e-20   6.0124967421e-03 elocal
   440       9833.3333333      -3771.2361663      -3771.2361663  -6.5052130349e-18   2.9815559743e-19   6.0310626972e-03 elocal
   441        166.6666667      -4006.9384267      -4006.9384267   1.4311468677e-17  -7.5894152074e-19   6.0457026499e-03 elocal
   442        333.3333333      -4124.7895569      -4124.7895569   3.0357660830e-18   1.2922621281e-18   6.0466298726e-03 elocal
   443        666.6666667      -4006.9384267      -4006.9384267  -5.6378512969e-18  -4.8789097762e-19   6.0247806894e-03 elocal
   444        833.3333333      -4124.7895569      -4124.7895569  -9.9746599869e-18  -2.3581397252e-18   6.0279709889e-03 elocal
   445       1166.6666667      -4006.9384267      -4006.9384267  -4.3368086899e-17  -8.4025668368e-19   6.0026674440e-03 elocal
   446       1333.3333333      -4124.7895569      -4124.7895569   3.2092384306e-17  -1.0028870095e-18   6.0085649556e-03 elocal
   447       1666.6666667      -4006.9384267      -4006.9384267   1.0408340856e-17   5.1499603193e-19   5.9805760207e-03 elocal
   448       1833.3333333      -4124.7895569      -4124.7895569  -3.2959746044e-17  -3.2526065175e-18   5.9894641531e-03 elocal
   449       2166.6666667      -4006.9384267      -4006.9384267   1.3010426070e-17  -3.8489177123e-18   5.9596611172e-03 elocal
   450       2333.3333333      -4124.7895569      -4124.7895569   3.9898639947e-17   4.7704895589e-18   5.9716428522e-03 elocal
   451       2666.6666667      -4006.9384267      -4006.9384267  -5.5944832100e-17   5.4210108624e-19   5.9409071158e-03 elocal
   452       2833.3333333      -4124.7895569      -4124.7895569  -8.6736173799e-19   3.6456298050e-18   5.9559151041e-03 elocal
   453       3166.6666667      -4006.9384267      -4006.9384267  -1.2576745201e-17  -6.9117888496e-19   5.9250724538e-03 elocal
   454       3333.3333333      -4124.7895569      -4124.7895569   4.2934406030e-17   2.0057740191e-18   5.9428992278e-03 elocal
   455       3666.6666667      -4006.9384267      -4006.9384267   1.7347234760e-17  -2.3039296165e-19   5.9126869060e-03 elocal
   456       3833.3333333      -4124.7895569      -4124.7895569  -1.9081958236e-17  -6.9117888496e-19   5.9330228221e-03 elocal
   457       4166.6666667      -4006.9384267      -4006.9384267  -1.9515639105e-17  -6.2951488640e-18   5.9040846313e-03 elocal
   458       4333.3333333      -4124.7895569      -4124.7895569  -1.1709383463e-17   4.4858864887e-18   5.9265530433e-03 elocal
   459       4666.6666667      -4006.9384267      -4006.9384267  -1.7780915629e-17   1.6263032587e-19   5.8994517765e-03 elocal
   460       4833.3333333      -4124.7895569      -4124.7895569   5.3776427755e-17   5.0923620789e-18   5.9236349911e-03 elocal
   461       5166.6666667      -4006.9384267      -4006.9384267  -6.1149002528e-17  -4.5909185741e-19   5.8988702880e-03 elocal
   462       5333.3333333      -4124.7895569      -4124.7895569   2.6454533009e-17   4.6790100006e-18   5.9243239659e-03 elocal
   463       5666.6666667      -4006.9384267      -4006.9384267  -6.0715321659e-18   3.7947076037e-19   5.9023453689e-03 elocal
   464       5833.3333333      -4124.7895569      -4124.7895569   6.0715321659e-18   3.0899761916e-18   5.9286022780e-03 elocal
   465       6166.6666667      -4006.9384267      -4006.9384267  -7.3725747729e-18   4.0928632011e-18   5.9098101089e-03 elocal
   466       6333.3333333      -4124.7895569      -4124.7895569   1.3444106939e-17  -3.9031278209e-18   5.9363764474e-03 elocal
   467       6666.6666667      -4006.9384267      -4006.9384267  -6.5052130349e-18  -5.3125906452e-18   5.9211063709e-03 elocal
   468       6833.3333333      -4124.7895569      -4124.7895569   5.6378512969e-18   7.5894152074e-19   5.9474555875e-03 elocal
   469       7166.6666667      -4006.9384267      -4006.9384267   4.5102810375e-17   5.3396956995e-18   5.9359464428e-03 elocal
   470       7333.3333333      -4124.7895569      -4124.7895569  -4.0332320816e-17   4.0115480382e-18   5.9615167512e-03 elocal
   471       7666.6666667      -4006.9384267      -4006.9384267   4.1633363423e-17   1.5449880958e-18   5.9538658163e-03 elocal
   472       7833.3333333      -4124.7895569      -4124.7895569   2.6020852140e-18  -3.6320772778e-18   5.9780681463e-03 elocal
   473       8166.6666667      -4006.9384267      -4006.9384267   1.4745149546e-17   1.0299920639e-18   5.9741834758e-03 elocal
   474       8333.3333333      -4124.7895569      -4124.7895569  -1.4311468677e-17  -6.7762635780e-19   5.9964256062e-03 elocal
   475       8666.6666667      -4006.9384267      -4006.9384267   4.3368086899e-18   2.1684043450e-19   5.9959903206e-03 elocal
   476       8833.3333333      -4124.7895569      -4124.7895569  -2.1684043450e-18   2.0870891820e-18   6.0157194015e-03 elocal
   477       9166.6666667      -4006.9384267      -4006.9384267  -4.7704895589e-18  -3.1712913545e-18   6.0181851540e-03 elocal
   478       9333.3333333      -4124.7895569      -4124.7895569  -1.5178830415e-17  -5.1770653736e-18   6.0349444591e-03 elocal
   479       9666.6666667      -4006.9384267      -4006.9384267   1.3010426070e-17   2.9815559743e-19   6.0395674335e-03 elocal
   480       9833.3333333      -4124.7895569      -4124.7895569  -4.3368086899e-19   2.3310346708e-18   6.0530555499e-03 elocal
   481        166.6666667      -4360.4918173      -4360.4918173   5.2041704279e-18  -2.0386803171e-19   6.0643977737e-03 elocal
   482        333.3333333      -4478.3429475      -4478.3429475  -2.6020852140e-17  -3.6320772778e-18   6.0658183093e-03 elocal
   483        666.6666667      -4360.4918173      -4360.4918173   2.1250362581e-17  -1.7618285303e-18   6.0508963821e-03 elocal
   484        833.3333333      -4478.3429475      -4478.3429475   4.3368086899e-18   5.0686451564e-18   6.0539407643e-03 elocal
   485       1166.6666667      -4360.4918173      -4360.4918173   3.0357660830e-18   1.9244588562e-18   6.0364631437e-03 elocal
   486       1333.3333333      -4478.3429475      -4478.3429475   7.3725747729e-18   2.0328790734e-18   6.0414262387e-03 elocal
   487       1666.6666667      -4360.4918173      -4360.4918173  -1.3010426070e-18  -3.5778671692e-18   6.0218906182e-03 elocal
   488       1833.3333333      -4478.3429475      -4478.3429475   4.0766001685e-17   6.0444271116e-18   6.0289655887e-03 elocal
   489       2166.6666667      -4360.4918173      -4360.4918173  -6.0715321659e-18   1.3552527156e-19   6.0079526577e-03 elocal
   490       2333.3333333      -4478.3429475      -4478.3429475   5.7679555576e-17  -9.2157184661e-19   6.0172158406e-03 elocal
   491       2666.6666667      -4360.4918173      -4360.4918173   1.6046192153e-17  -1.2874900798e-18   5.9953330806e-03 elocal
   492       2833.3333333      -4478.3429475      -4478.3429475   1.3444106939e-17  -2.4123498338e-18   6.0067461195e-03 elocal
   493       3166.6666667      -4360.4918173      -4360.4918173  -2.5153490402e-17   1.0164395367e-18   5.9845837913e-03 elocal
   494       3333.3333333      -4478.3429475      -4478.3429475   1.9081958236e-17   5.4210108624e-19   5.9980086712e-03 elocal
   495       3666.6666667      -4360.4918173      -4360.4918173   4.3368086899e-18  -8.1315162936e-19   5.9761131004e-03 elocal
   496       3833.3333333      -4478.3429475      -4478.3429475  -1.6479873022e-17   4.9060148305e-18   5.9913336054e-03 elocal
   497       4166.6666667      -4360.4918173      -4360.4918173  -1.5612511284e-17   4.8111471404e-19   5.9701967517e-03 elocal
   498       4333.3333333      -4478.3429475      -4478.3429475   4.3368086899e-18   1.2034644115e-17   5.9869401733e-03 elocal
   499       4666.6666667      -4360.4918173      -4360.4918173   2.0816681712e-17   1.7279472124e-19   5.9670004098e-03 elocal
   500       4833.3333333      -4478.3429475      -4478.3429475  -2.1684043450e-18  -6.4374503991e-19   5.9849551709e-03 elocal
   501       5166.6666667      -4360.4918173      -4360.4918173   2.6888213878e-17   4.7721836248e-18   5.9666026217e-03 elocal
   502       5333.3333333      -4478.3429475      -4478.3429475  -1.3444106939e-17   4.3232561628e-18   5.9854298081e-03 elocal
   503       5666.6666667      -4360.4918173      -4360.4918173  -4.3368086899e-18   1.3688052428e-18   5.9690099526e-03 elocal
   504       5833.3333333      -4478.3429475      -4478.3429475   3.6429192996e-17   8.2534890380e-18   5.9883488903e-03 elocal
   505       6166.6666667      -4360.4918173      -4360.4918173   3.1658703437e-17   5.0686451564e-18   5.9741596888e-03 elocal
   506       6333.3333333      -4478.3429475      -4478.3429475   4.3368086899e-18   5.6649563512e-18   5.9936294140e-03 elocal
   507       6666.6666667      -4360.4918173      -4360.4918173   1.7347234760e-18  -9.3512437377e-19   5.9819094174e-03 elocal
   508       6833.3333333      -4478.3429475      -4478.3429475  -1.1709383463e-17   2.3445871980e-18   6.0011091186e-03 elocal
   509       7166.6666667      -4360.4918173      -4360.4918173   2.9923979961e-17   1.3417001885e-18   5.9920167256e-03 elocal
   510       7333.3333333      -4478.3429475      -4478.3429475   1.1275702594e-17  -2.1141942363e-18   6.0105289462e-03 elocal
   511       7666.6666667      -4360.4918173      -4360.4918173   1.2143064332e-17   4.1199682554e-18   6.0041160472e-03 elocal
   512       7833.3333333      -4478.3429475      -4478.3429475  -2.6454533009e-17   6.1257422745e-18   6.0215164273e-03 elocal
   513       8166.6666667      -4360.4918173      -4360.4918173  -7.8062556419e-18  -7.8604657505e-19   6.0177028201e-03 elocal
   514       8333.3333333      -4478.3429475      -4478.3429475   9.9746599869e-18   3.0628711373e-18   6.0335790600e-03 elocal
   515       8666.6666667      -4360.4918173      -4360.4918173   1.7347234760e-18  -7.3183646643e-19   6.0321363917e-03 elocal
   516       8833.3333333      -4478.3429475      -4478.3429475   2.0383000843e-17   3.6591823321e-18   6.0461166786e-03 elocal
   517       9166.6666667      -4360.4918173      -4360.4918173   1.4745149546e-17  -2.3310346708e-18   6.0466709137e-03 elocal
   518       9333.3333333      -4478.3429475      -4478.3429475   2.0816681712e-17   5.2312754822e-18   6.0584584666e-03 elocal
   519       9666.6666667      -4360.4918173      -4360.4918173   6.0715321659e-18   4.1470733098e-18   6.0605167579e-03 elocal
   520       9833.3333333      -4478.3429475      -4478.3429475  -1.3010426070e-18   3.1170812459e-18   6.0699234883e-03 elocal
   521        166.6666667      -4714.0452079      -4714.0452079   1.7347234760e-18   1.8431436932e-18   6.0782175169e-03 elocal
   522        333.3333333      -4831.8963381      -4831.8963381  -7.8062556419e-18   1.0299920639e-18   6.0796984558e-03 elocal
   523        666.6666667      -4714.0452079      -4714.0452079  -4.3368086899e-18   6.2883726004e-18   6.0700723570e-03 elocal
   524        833.3333333      -4831.8963381      -4831.8963381   1.0408340856e-17  -8.9446679230e-19   6.0726968707e-03 elocal
   525       1166.6666667      -4714.0452079      -4714.0452079   0.0000000000e+00   1.2197274440e-18   6.0611821235e-03 elocal
   526       1333.3333333      -4831.8963381      -4831.8963381   2.2551405188e-17  -7.5894152074e-19   6.0651443558e-03 elocal
   527       1666.6666667      -4714.0452079      -4714.0452079  -3.0357660830e-18   4.8518047219e-18   6.0520599471e-03 elocal
   528       1833.3333333      -4831.8963381      -4831.8963381   1.1275702594e-17   2.2226144536e-18   6.0574887316e-03 elocal
   529       2166.6666667      -4714.0452079      -4714.0452079  -9.1072982489e-18  -1.5314355686e-18   6.0432176885e-03 elocal
   530       2333.3333333      -4831.8963381      -4831.8963381   1.2576745201e-17   6.1799523832e-18   6.0501656226e-03 elocal
   531       2666.6666667      -4714.0452079      -4714.0452079  -5.2041704279e-18  -8.3212516738e-18   6.0351206719e-03 elocal
   532       2833.3333333      -4831.8963381      -4831.8963381   4.3368086899e-18  -3.7269449679e-18   6.0435632776e-03 elocal
   533       3166.6666667      -4714.0452079      -4714.0452079  -2.2985086057e-17   5.0144350477e-19   6.0281578662e-03 elocal
   534       3333.3333333      -4831.8963381      -4831.8963381   6.0715321659e-18  -1.7482760031e-18   6.0380008899e-03 elocal
   535       3666.6666667      -4714.0452079      -4714.0452079  -3.3393426913e-17  -4.1877308912e-18   6.0226291344e-03 elocal
   536       3833.3333333      -4831.8963381      -4831.8963381   1.1275702594e-17   5.8953493129e-18   6.0337206071e-03 elocal
   537       4166.6666667      -4714.0452079      -4714.0452079  -4.6837533851e-17  -1.7347234760e-18   6.0187464176e-03 elocal
   538       4333.3333333      -4831.8963381      -4831.8963381   4.3368086899e-18   3.2864878353e-18   6.0308899439e-03 elocal
   539       4666.6666667      -4714.0452079      -4714.0452079  -5.6378512969e-17  -2.7850443306e-18   6.0166430367e-03 elocal
   540       4833.3333333      -4831.8963381      -4831.8963381   1.7347234760e-18  -8.9785492409e-20   6.0296095760e-03 elocal
   541       5166.6666667      -4714.0452079      -4714.0452079  -1.2576745201e-17  -2.4547014811e-18   6.0163848079e-03 elocal
   542       5333.3333333      -4831.8963381      -4831.8963381   1.3010426070e-18   4.0183243018e-18   6.0299214825e-03 elocal
   543       5666.6666667      -4714.0452079      -4714.0452079  -2.8189256485e-17  -1.2400562348e-18   6.0179778493e-03 elocal
   544       5833.3333333      -4831.8963381      -4831.8963381   4.7704895589e-17   2.4326786245e-18   6.0318136407e-03 elocal
   545       6166.6666667      -4714.0452079      -4714.0452079  -8.6736173799e-18   6.9117888496e-19   6.0213700872e-03 elocal
   546       6333.3333333      -4831.8963381      -4831.8963381  -1.9949319974e-17  -3.9437854024e-18   6.0352194093e-03 elocal
   547       6666.6666667      -4714.0452079      -4714.0452079   9.9746599869e-18  -5.2041704279e-18   6.0264459948e-03 elocal
   548       6833.3333333      -4831.8963381      -4831.8963381   2.6020852140e-18  -3.8895752938e-18   6.0400119462e-03 elocal
   549       7166.6666667      -4714.0452079      -4714.0452079   2.8189256485e-17  -4.3639137443e-18   6.0330166784e-03 elocal
   550       7333.3333333      -4831.8963381      -4831.8963381   4.3368086899e-19  -4.6620693417e-18   6.0459961531e-03 elocal
   551       7666.6666667      -4714.0452079      -4714.0452079   7.8929918157e-17  -1.8024861118e-18   6.0408097240e-03 elocal
   552       7833.3333333      -4831.8963381      -4831.8963381   1.9515639105e-17   7.8604657505e-19   6.0529023971e-03 elocal
   553       8166.6666667      -4714.0452079      -4714.0452079   2.9490299092e-17   2.7105054312e-20   6.0494647912e-03 elocal
   554       8333.3333333      -4831.8963381      -4831.8963381  -8.6736173799e-18  -4.5807541788e-18   6.0603871470e-03 elocal
   555       8666.6666667      -4714.0452079      -4714.0452079   9.5409791179e-18  -1.0299920639e-18   6.0585411140e-03 elocal
   556       8833.3333333      -4831.8963381      -4831.8963381   9.1072982489e-18   1.1926223897e-18   6.0680451488e-03 elocal
   557       9166.6666667      -4714.0452079      -4714.0452079   0.0000000000e+00   1.8973538018e-18   6.0675411917e-03 elocal
   558       9333.3333333      -4831.8963381      -4831.8963381  -4.3801767768e-17  -4.1470733098e-18   6.0754354616e-03 elocal
   559       9666.6666667      -4714.0452079      -4714.0452079   2.2551405188e-17  -2.9815559743e-19   6.0759508756e-03 elocal
   560       9833.3333333      -4831.8963381      -4831.8963381   0.0000000000e+00  -3.6049722235e-18   6.0821198019e-03 elocal
   561        166.6666667      -5067.5985985      -5067.5985985   7.8062556419e-18   3.1306337731e-18   6.0877326398e-03 elocal
   562        333.3333333      -5185.4497287      -5185.4497287   4.7704895589e-18   3.2526065175e-19   6.0890329543e-03 elocal
   563        666.6666667      -5067.5985985      -5067.5985985  -8.6736173799e-19   2.4665599424e-18   6.0834091337e-03 elocal
   564        833.3333333      -5185.4497287      -5185.4497287   3.4694469520e-18  -3.6727348593e-18   6.0854924226e-03 elocal
   565       1166.6666667      -5067.5985985      -5067.5985985   3.0357660830e-18  -5.9631119487e-19   6.0784745551e-03 elocal
   566       1333.3333333      -5185.4497287      -5185.4497287   8.6736173799e-19  -4.7162794503e-18   6.0814669904e-03 elocal
   567       1666.6666667      -5067.5985985      -5067.5985985   2.6020852140e-18   1.4501204057e-18   6.0732549603e-03 elocal
   568       1833.3333333      -5185.4497287      -5185.4497287   6.5052130349e-17   4.3368086899e-18   6.0772404564e-03 elocal
   569       2166.6666667      -5067.5985985      -5067.5985985   5.8546917314e-17   6.9795514854e-18   6.0680821272e-03 elocal
   570       2333.3333333      -5185.4497287      -5185.4497287   2.0816681712e-17  -1.2874900798e-18   6.0730947089e-03 elocal
   571       2666.6666667      -5067.5985985      -5067.5985985   2.6020852140e-17   4.2554935270e-18   6.0632649328e-03 elocal
   572       2833.3333333      -5185.4497287      -5185.4497287   4.3368086899e-18   4.5129915430e-18   6.0692870591e-03 elocal
   573       3166.6666667      -5067.5985985      -5067.5985985   1.4745149546e-17   6.6407383065e-18   6.0590688230e-03 elocal
   574       3333.3333333      -5185.4497287      -5185.4497287   2.3418766926e-17  -2.4259023609e-18   6.0660348082e-03 elocal
   575       3666.6666667      -5067.5985985      -5067.5985985   6.0715321659e-18   6.3561352362e-18   6.0557048511e-03 elocal
   576       3833.3333333      -5185.4497287      -5185.4497287  -9.5409791179e-18   4.1538495733e-18   6.0635076326e-03 elocal
   577       4166.6666667      -5067.5985985      -5067.5985985   2.4719809533e-17   2.1548518178e-18   6.0533270902e-03 elocal
   578       4333.3333333      -5185.4497287      -5185.4497287   1.1709383463e-17  -1.9989977555e-19   6.0618263516e-03 elocal
   579       4666.6666667      -5067.5985985      -5067.5985985  -7.3725747729e-18  -2.2293907172e-18   6.0520354777e-03 elocal
   580       4833.3333333      -5185.4497287      -5185.4497287   4.7704895589e-18  -7.5131822421e-19   6.0610654672e-03 elocal
   581       5166.6666667      -5067.5985985      -5067.5985985   6.5052130349e-17   3.1170812459e-18   6.0518805974e-03 elocal
   582       5333.3333333      -5185.4497287      -5185.4497287   3.5561831258e-17   5.1160790014e-18   6.0612566555e-03 elocal
   583       5666.6666667      -5067.5985985      -5067.5985985   2.5153490402e-17  -2.6867885087e-18   6.0528673868e-03 elocal
   584       5833.3333333      -5185.4497287      -5185.4497287   4.6403852982e-17   2.5275463146e-18   6.0623909729e-03 elocal
   585       6166.6666667      -5067.5985985      -5067.5985985  -1.9949319974e-17  -1.9380113833e-18   6.0549559390e-03 elocal
   586       6333.3333333      -5185.4497287      -5185.4497287   3.2959746044e-17   1.1113072268e-18   6.0644186519e-03 elocal
   587       6666.6666667      -5067.5985985      -5067.5985985   2.5153490402e-17   2.1684043450e-18   6.0580591072e-03 elocal
   588       6833.3333333      -5185.4497287      -5185.4497287  -1.9081958236e-17  -4.6756218688e-18   6.0672466866e-03 elocal
   589       7166.6666667      -5067.5985985      -5067.5985985  -1.7780915629e-17   1.7889335846e-18   6.0620382008e-03 elocal
   590       7333.3333333      -5185.4497287      -5185.4497287  -2.8189256485e-17  -4.3910187986e-18   6.0707357005e-03 elocal
   591       7666.6666667      -5067.5985985      -5067.5985985   1.3010426070e-18  -1.2061749169e-18   6.0666994027e-03 elocal
   592       7833.3333333      -5185.4497287      -5185.4497287   3.5128150389e-17   2.7647155398e-18   6.0746985527e-03 elocal
   593       8166.6666667      -5067.5985985      -5067.5985985  -2.0816681712e-17  -2.5478751053e-18   6.0717942960e-03 elocal
   594       8333.3333333      -5185.4497287      -5185.4497287  -1.7347234760e-17  -3.1983964088e-18   6.0789035051e-03 elocal
   595       8666.6666667      -5067.5985985      -5067.5985985  -2.2985086057e-17  -3.3881317890e-18   6.0770277337e-03 elocal
   596       8833.3333333      -5185.4497287      -5185.4497287  -2.5153490402e-17   8.4025668368e-19   6.0830842627e-03 elocal
   597       9166.6666667      -5067.5985985      -5067.5985985   4.0766001685e-17  -2.4394548881e-18   6.0820749617e-03 elocal
   598       9333.3333333      -5185.4497287      -5185.4497287   1.7347234760e-17  -3.2797115718e-18   6.0869577452e-03 elocal
   599       9666.6666667      -5067.5985985      -5067.5985985  -6.0715321659e-18  -2.9815559743e-19   6.0866075177e-03 elocal
   600       9833.3333333      -5185.4497287      -5185.4497287  -4.3368086899e-18   1.3823577699e-18   6.0902482711e-03 elocal
   601        166.6666667      -5421.1519891      -5421.1519891  -4.3368086899e-18  -2.5478751053e-18   6.0935929225e-03 elocal
   602        333.3333333      -5539.0031193      -5539.0031193   8.6736173799e-18   3.6591823321e-19   6.0945958944e-03 elocal
   603        666.6666667      -5421.1519891      -5421.1519891   6.0715321659e-18   9.7578195524e-19   6.0919509083e-03 elocal
   604        833.3333333      -5539.0031193      -5539.0031193   4.0766001685e-17   1.7076184217e-18   6.0934676541e-03 elocal
   605       1166.6666667      -5421.1519891      -5421.1519891   1.0408340856e-17   3.3881317890e-18   6.0897947125e-03 elocal
   606       1333.3333333      -5539.0031193      -5539.0031193   1.1275702594e-17   6.2206099646e-18   6.0919056668e-03 elocal
   607       1666.6666667      -5421.1519891      -5421.1519891  -2.5153490402e-17  -3.1035287187e-18   6.0873248237e-03 elocal
   608       1833.3333333      -5539.0031193      -5539.0031193   5.6378512969e-18  -4.8382521947e-18   6.0900830823e-03 elocal
   609       2166.6666667      -5421.1519891      -5421.1519891   7.3725747729e-18  -5.8411392043e-18   6.0847496368e-03 elocal
   610       2333.3333333      -5539.0031193      -5539.0031193   4.4669129506e-17   3.9844429839e-18   6.0881757508e-03 elocal
   611       2666.6666667      -5421.1519891      -5421.1519891   2.1684043450e-18   3.1306337731e-18   6.0822674674e-03 elocal
   612       2833.3333333      -5539.0031193      -5539.0031193  -1.0842021725e-17   2.4530074152e-18   6.0863477826e-03 elocal
   613       3166.6666667      -5421.1519891      -5421.1519891   1.9081958236e-17  -7.4403374087e-18   6.0800527679e-03 elocal
   614       3333.3333333      -5539.0031193      -5539.0031193  -2.3852447795e-17   2.5343225782e-18   6.0847409496e-03 elocal
   615       3666.6666667      -5421.1519891      -5421.1519891  -4.1199682554e-17  -5.9495594215e-18   6.0782476655e-03 elocal
   616       3833.3333333      -5539.0031193      -5539.0031193   7.7628875550e-17  -3.9708904567e-18   6.0834685066e-03 elocal
   617       4166.6666667      -5421.1519891      -5421.1519891   3.2526065175e-17  -5.4210108624e-20   6.0769584525e-03 elocal
   618       4333.3333333      -5539.0031193      -5539.0031193   2.2985086057e-17  -5.2109466915e-18   6.0826128554e-03 elocal
   619       4666.6666667      -5421.1519891      -5421.1519891   1.4311468677e-17  -2.6495190590e-18   6.0762555865e-03 elocal
   620       4833.3333333      -5539.0031193      -5539.0031193   1.0408340856e-17   3.7235568361e-18   6.0822257373e-03 elocal
   621       5166.6666667      -5421.1519891      -5421.1519891  -6.0715321659e-18  -5.8877260164e-18   6.0761753207e-03 elocal
   622       5333.3333333      -5539.0031193      -5539.0031193   2.4719809533e-17  -3.3847436572e-18   6.0823294184e-03 elocal
   623       5666.6666667      -5421.1519891      -5421.1519891   1.6479873022e-17  -1.0740377771e-18   6.0767212567e-03 elocal
   624       5833.3333333      -5539.0031193      -5539.0031193   5.6378512969e-18  -8.2060551930e-18   6.0829176035e-03 elocal
   625       6166.6666667      -5421.1519891      -5421.1519891   1.3444106939e-17  -3.5643146420e-18   6.0778647531e-03 elocal
   626       6333.3333333      -5539.0031193      -5539.0031193  -5.3342746886e-17   5.3871295445e-18   6.0839554232e-03 elocal
   627       6666.6666667      -5421.1519891      -5421.1519891  -4.5970172113e-17   2.1412992907e-18   6.0795440124e-03 elocal
   628       6833.3333333      -5539.0031193      -5539.0031193   7.3725747729e-18   1.9786689648e-18   6.0853786090e-03 elocal
   629       7166.6666667      -5421.1519891      -5421.1519891   2.4719809533e-17  -3.1035287187e-18   6.0816625955e-03 elocal
   630       7333.3333333      -5539.0031193      -5539.0031193  -6.0715321659e-18   5.6107462426e-18   6.0870927063e-03 elocal
   631       7666.6666667      -5421.1519891      -5421.1519891   3.4260788651e-17   6.2748200733e-18   6.0840888664e-03 elocal
   632       7833.3333333      -5539.0031193      -5539.0031193   3.0357660830e-18   3.1035287187e-18   6.0889736987e-03 elocal
   633       8166.6666667      -5421.1519891      -5421.1519891  -5.7679555576e-17   5.2854855909e-19   6.0866582218e-03 elocal
   634       8333.3333333      -5539.0031193      -5539.0031193  -2.2985086057e-17   2.0870891820e-18   6.0908715433e-03 elocal
   635       8666.6666667      -5421.1519891      -5421.1519891   2.2117724319e-17   3.5914196964e-18   6.0891797564e-03 elocal
   636       8833.3333333      -5539.0031193      -5539.0031193  -1.9081958236e-17  -2.7105054312e-18   6.0926177372e-03 elocal
   637       9166.6666667      -5421.1519891      -5421.1519891   2.6020852140e-17   5.0144350477e-18   6.0914481580e-03 elocal
   638       9333.3333333      -5539.0031193      -5539.0031193  -1.3010426070e-18   1.1113072268e-18   6.0940371536e-03 elocal
   639       9666.6666667      -5421.1519891      -5421.1519891   5.2041704279e-18   3.4558944248e-18   6.0932602648e-03 elocal
   640       9833.3333333      -5539.0031193      -5539.0031193  -2.1250362581e-17   7.9959910221e-19   6.0949631763e-03 elocal
   641        166.6666667      -5774.7053797      -5774.7053797   8.6736173799e-19  -2.3039296165e-19   6.0964525388e-03 elocal
   642        333.3333333      -5892.5565099      -5892.5565099  -1.0408340856e-17  -3.6185247507e-18   6.0971193682e-03 elocal
   643        666.6666667      -5774.7053797      -5774.7053797   4.3368086899e-19  -3.4423418976e-18   6.0966483538e-03 elocal
   644        833.3333333      -5892.5565099      -5892.5565099  -8.2399365109e-18  -1.3823577699e-18   6.0976299550e-03 elocal
   645       1166.6666667      -5774.7053797      -5774.7053797   3.8163916471e-17  -1.5314355686e-18   6.0964013356e-03 elocal
   646       1333.3333333      -5892.5565099      -5892.5565099   1.1709383463e-17   4.6078592331e-19   6.0977475548e-03 elocal
   647       1666.6666667      -5774.7053797      -5774.7053797   2.6454533009e-17  -3.0222135558e-18   6.0958278986e-03 elocal
   648       1833.3333333      -5892.5565099      -5892.5565099   2.4286128664e-17   8.8091426514e-19   6.0975710550e-03 elocal
   649       2166.6666667      -5774.7053797      -5774.7053797  -5.6378512969e-18   2.5343225782e-18   6.0950524464e-03 elocal
   650       2333.3333333      -5892.5565099      -5892.5565099  -2.7321894747e-17   1.5314355686e-18   6.0972038525e-03 elocal
   651       2666.6666667      -5774.7053797      -5774.7053797   4.9873299934e-17   1.4365678785e-18   6.0941961954e-03 elocal
   652       2833.3333333      -5892.5565099      -5892.5565099   1.8214596498e-17   3.9844429839e-18   6.0967448020e-03 elocal
   653       3166.6666667      -5774.7053797      -5774.7053797   1.9081958236e-17  -3.0899761916e-18   6.0933681419e-03 elocal
   654       3333.3333333      -5892.5565099      -5892.5565099   5.6378512969e-17   6.2341624918e-19   6.0962811705e-03 elocal
   655       3666.6666667      -5774.7053797      -5774.7053797  -3.0357660830e-17   1.4230153514e-18   6.0926589564e-03 elocal
   656       3833.3333333      -5892.5565099      -5892.5565099   2.6020852140e-17  -2.4191260974e-18   6.0958840579e-03 elocal
   657       4166.6666667      -5774.7053797      -5774.7053797  -1.7347234760e-17  -2.0803129185e-18   6.0921377626e-03 elocal
   658       4333.3333333      -5892.5565099      -5892.5565099   2.8189256485e-17  -2.3716922523e-18   6.0956060928e-03 elocal
   659       4666.6666667      -5774.7053797      -5774.7053797   4.2934406030e-17  -1.6940658945e-19   6.0918511259e-03 elocal
   660       4833.3333333      -5892.5565099      -5892.5565099  -1.7780915629e-17  -2.0040799532e-18   6.0954807642e-03 elocal
   661       5166.6666667      -5774.7053797      -5774.7053797   4.5970172113e-17   3.0789647633e-18   6.0918232687e-03 elocal
   662       5333.3333333      -5892.5565099      -5892.5565099  -7.3725747729e-18  -2.7291401561e-18   6.0955225807e-03 elocal
   663       5666.6666667      -5774.7053797      -5774.7053797   3.4260788651e-17   2.9273458657e-18   6.0920565775e-03 elocal
   664       5833.3333333      -5892.5565099      -5892.5565099   2.7321894747e-17  -1.6093625998e-18   6.0957273645e-03 elocal
   665       6166.6666667      -5774.7053797      -5774.7053797   1.3010426070e-18   1.4975542507e-18   6.0925318018e-03 elocal
   666       6333.3333333      -5892.5565099      -5892.5565099  -4.5536491244e-17  -5.0212113113e-18   6.0960723130e-03 elocal
   667       6666.6666667      -5774.7053797      -5774.7053797   8.6736173799e-18   2.3174821437e-18   6.0932078389e-03 elocal
   668       6833.3333333      -5892.5565099      -5892.5565099   2.1250362581e-17  -1.5585406229e-19   6.0965158884e-03 elocal
   669       7166.6666667      -5774.7053797      -5774.7053797   1.7780915629e-17  -1.5720931501e-18   6.0940215278e-03 elocal
   670       7333.3333333      -5892.5565099      -5892.5565099   6.0715321659e-18  -3.7947076037e-18   6.0969980053e-03 elocal
   671       7666.6666667      -5774.7053797      -5774.7053797   4.7704895589e-18   2.9408983929e-18   6.0948882739e-03 elocal
   672       7833.3333333      -5892.5565099      -5892.5565099  -2.5153490402e-17   7.8604657505e-19   6.0974412550e-03 elocal
   673       8166.6666667      -5774.7053797      -5774.7053797   4.4235448637e-17   1.2739375527e-18   6.0957044943e-03 elocal
   674       8333.3333333      -5892.5565099      -5892.5565099   1.7780915629e-17  -1.9244588562e-18   6.0977539397e-03 elocal
   675       8666.6666667      -5774.7053797      -5774.7053797  -1.1709383463e-17  -4.3503612171e-18   6.0963526920e-03 elocal
   676       8833.3333333      -5892.5565099      -5892.5565099  -3.5128150389e-17  -3.2526065175e-18   6.0978354335e-03 elocal
   677       9166.6666667      -5774.7053797      -5774.7053797   1.3010426070e-18   2.6427427954e-18   6.0967094503e-03 elocal
   678       9333.3333333      -5892.5565099      -5892.5565099   1.0408340856e-17   3.3203691532e-18   6.0975838672e-03 elocal
   679       9666.6666667      -5774.7053797      -5774.7053797   2.6888213878e-17   2.2903770894e-18   6.0966558655e-03 elocal
   680       9833.3333333      -5892.5565099      -5892.5565099  -1.3010426070e-18  -3.3881317890e-19   6.0969054703e-03 elocal
   681        166.6666667      -6128.2587703      -6128.2587703   9.9746599869e-18  -5.4210108624e-20   6.0969246087e-03 elocal
   682        333.3333333      -6246.1099005      -6246.1099005   9.1072982489e-18  -2.9680034472e-18   6.0972629050e-03 elocal
   683        666.6666667      -6128.2587703      -6128.2587703   2.7321894747e-17   1.4907779872e-19   6.0983383460e-03 elocal
   684        833.3333333      -6246.1099005      -6246.1099005   5.6378512969e-18   4.8789097762e-19   6.0988463032e-03 elocal
   685       1166.6666667      -6128.2587703      -6128.2587703   1.8648277367e-17  -2.8731357571e-18   6.0993632687e-03 elocal
   686       1333.3333333      -6246.1099005      -6246.1099005  -7.3725747729e-18   2.2768245622e-18   6.1000704757e-03 elocal
   687       1666.6666667      -6128.2587703      -6128.2587703   1.8214596498e-17   3.2526065175e-18   6.1000599502e-03 elocal
   688       1833.3333333      -6246.1099005      -6246.1099005   1.0408340856e-17  -4.1064157283e-18   6.1009849900e-03 elocal
   689       2166.6666667      -6128.2587703      -6128.2587703   3.0357660830e-18  -5.5565361340e-18   6.1004962150e-03 elocal
   690       2333.3333333      -6246.1099005      -6246.1099005  -2.6020852140e-18   3.6456298050e-18   6.1016443891e-03 elocal
   691       2666.6666667      -6128.2587703      -6128.2587703  -6.3751087742e-17  -1.2603850255e-18   6.1007403281e-03 elocal
   692       2833.3333333      -6246.1099005      -6246.1099005   2.4719809533e-17  -7.4538899358e-20   6.1021026565e-03 elocal
   693       3166.6666667      -6128.2587703      -6128.2587703  -8.6736173799e-18  -2.2022856629e-18   6.1008552414e-03 elocal
   694       3333.3333333      -6246.1099005      -6246.1099005  -4.0332320816e-17   1.1519648083e-18   6.1024087002e-03 elocal
   695       3666.6666667      -6128.2587703      -6128.2587703  -3.5995512127e-17  -8.3415804646e-18   6.1008944223e-03 elocal
   696       3833.3333333      -6246.1099005      -6246.1099005  -4.5970172113e-17  -8.0637536579e-19   6.1026031841e-03 elocal
   697       4166.6666667      -6128.2587703      -6128.2587703  -2.7755575616e-17   2.9781678425e-18   6.1008993329e-03 elocal
   698       4333.3333333      -6246.1099005      -6246.1099005   8.6736173799e-18  -4.6078592331e-18   6.1027166801e-03 elocal
   699       4666.6666667      -6128.2587703      -6128.2587703  -1.6913553891e-17   1.6771252356e-19   6.1008982653e-03 elocal
   700       4833.3333333      -6246.1099005      -6246.1099005  -2.0816681712e-17   3.5236570606e-19   6.1027688433e-03 elocal
   701       5166.6666667      -6128.2587703      -6128.2587703   1.4745149546e-17  -1.3061248047e-18   6.1009060355e-03 elocal
   702       5333.3333333      -6246.1099005      -6246.1099005   1.8214596498e-17  -9.7578195524e-19   6.1027682000e-03 elocal
   703       5666.6666667      -6128.2587703      -6128.2587703  -1.9949319974e-17  -1.9515639105e-18   6.1009240400e-03 elocal
   704       5833.3333333      -6246.1099005      -6246.1099005   2.9490299092e-17  -6.0240983209e-18   6.1027121804e-03 elocal
   705       6166.6666667      -6128.2587703      -6128.2587703   1.9515639105e-17   3.6862873865e-18   6.1009403484e-03 elocal
   706       6333.3333333      -6246.1099005      -6246.1099005   2.0816681712e-17   4.6417405510e-18   6.1025871956e-03 elocal
   707       6666.6666667      -6128.2587703      -6128.2587703   0.0000000000e+00   2.0803129185e-18   6.1009297713e-03 elocal
   708       6833.3333333      -6246.1099005      -6246.1099005   3.7296554734e-17  -1.6669608402e-18   6.1023687909e-03 elocal
   709       7166.6666667      -6128.2587703      -6128.2587703   0.0000000000e+00   2.4394548881e-19   6.1008541314e-03 elocal
   710       7333.3333333      -6246.1099005      -6246.1099005  -4.1633363423e-17  -3.2526065175e-19   6.1020221239e-03 elocal
   711       7666.6666667      -6128.2587703      -6128.2587703   6.2016364266e-17   3.8489177123e-18   6.1006631765e-03 elocal
   712       7833.3333333      -6246.1099005      -6246.1099005   3.7296554734e-17   4.6078592331e-19   6.1015031536e-03 elocal
   713       8166.6666667      -6128.2587703      -6128.2587703   5.2041704279e-18   3.8353651852e-18   6.1002966399e-03 elocal
   714       8333.3333333      -6246.1099005      -6246.1099005   0.0000000000e+00  -2.2903770894e-18   6.1007609239e-03 elocal
   715       8666.6666667      -6128.2587703      -6128.2587703  -5.6378512969e-18  -2.6834003769e-18   6.0996878298e-03 elocal
   716       8833.3333333      -6246.1099005      -6246.1099005  -1.6479873022e-17  -5.7869290956e-18   6.0997411612e-03 elocal
   717       9166.6666667      -6128.2587703      -6128.2587703   2.1684043450e-18   7.7249404790e-19   6.0987688193e-03 elocal
   718       9333.3333333      -6246.1099005      -6246.1099005  -6.0715321659e-18  -1.0570971182e-18   6.0983911097e-03 elocal
   719       9666.6666667      -6128.2587703      -6128.2587703   2.6020852140e-18   7.7249404790e-19   6.0974768767e-03 elocal
   720       9833.3333333      -6246.1099005      -6246.1099005  -2.8189256485e-17   1.6669608402e-18   6.0966651600e-03 elocal
   721        166.6666667      -6481.8121609      -6481.8121609  -1.2143064332e-17  -8.8091426514e-19   6.0955565419e-03 elocal
   722        333.3333333      -6599.6632911      -6599.6632911  -4.3368086899e-18   1.3823577699e-18   6.0955993194e-03 elocal
   723        666.6666667      -6481.8121609      -6481.8121609  -1.4745149546e-17  -2.3039296165e-19   6.0977371086e-03 elocal
   724        833.3333333      -6599.6632911      -6599.6632911  -2.9923979961e-17   6.7356059966e-18   6.0978456239e-03 elocal
   725       1166.6666667      -6481.8121609      -6481.8121609   1.8214596498e-17   1.7211709488e-18   6.0995712145e-03 elocal
   726       1333.3333333      -6599.6632911      -6599.6632911  -6.0715321659e-18   1.5449880958e-18   6.0997618312e-03 elocal
   727       1666.6666667      -6481.8121609      -6481.8121609  -2.4719809533e-17   1.4365678785e-18   6.1010828877e-03 elocal
   728       1833.3333333      -6599.6632911      -6599.6632911  -2.6888213878e-17  -2.3445871980e-18   6.1013653199e-03 elocal
   729       2166.6666667      -6481.8121609      -6481.8121609   7.3725747729e-18  -9.3512437377e-19   6.1023024378e-03 elocal
   730       2333.3333333      -6599.6632911      -6599.6632911   1.3010426070e-17   3.7947076037e-19   6.1026783003e-03 elocal
   731       2666.6666667      -6481.8121609      -6481.8121609  -2.0383000843e-17  -1.0435445910e-18   6.1032624416e-03 elocal
   732       2833.3333333      -6599.6632911      -6599.6632911   3.8163916471e-17   1.8363674296e-18   6.1037245648e-03 elocal
   733       3166.6666667      -6481.8121609      -6481.8121609   2.4719809533e-17  -3.5507621149e-18   6.1039942183e-03 elocal
   734       3333.3333333      -6599.6632911      -6599.6632911   2.2985086057e-17   5.4819972346e-18   6.1045267274e-03 elocal
   735       3666.6666667      -6481.8121609      -6481.8121609  -2.7755575616e-17  -1.6805133674e-18   6.1045251333e-03 elocal
   736       3833.3333333      -6599.6632911      -6599.6632911  -1.3010426070e-18  -2.5885326868e-18   6.1051041772e-03 elocal
   737       4166.6666667      -6481.8121609      -6481.8121609  -7.3725747729e-18  -2.8019849895e-18   6.1048768247e-03 elocal
   738       4333.3333333      -6599.6632911      -6599.6632911  -2.9056618223e-17  -5.8546917314e-18   6.1054717732e-03 elocal
   739       4666.6666667      -6481.8121609      -6481.8121609  -2.2117724319e-17   5.7428833824e-19   6.1050642344e-03 elocal
   740       4833.3333333      -6599.6632911      -6599.6632911   1.4745149546e-17   3.4601295895e-18   6.1056391557e-03 elocal
   741       5166.6666667      -6481.8121609      -6481.8121609   1.9949319974e-17  -8.3348042010e-19   6.1050952037e-03 elocal
   742       5333.3333333      -6599.6632911      -6599.6632911   3.2959746044e-17  -2.8697476253e-18   6.1056104709e-03 elocal
   743       5666.6666667      -6481.8121609      -6481.8121609  -2.3852447795e-17  -6.7762635780e-19   6.1049703797e-03 elocal
   744       5833.3333333      -6599.6632911      -6599.6632911   0.0000000000e+00  -3.3915199208e-18   6.1053843198e-03 elocal
   745       6166.6666667      -6481.8121609      -6481.8121609  -4.7271214720e-17  -1.8228149025e-18   6.1046832571e-03 elocal
   746       6333.3333333      -6599.6632911      -6599.6632911  -3.0357660830e-18  -2.0464316006e-18   6.1049538257e-03 elocal
   747       6666.6666667      -6481.8121609      -6481.8121609   6.5052130349e-18  -9.9611074597e-19   6.1042203235e-03 elocal
   748       6833.3333333      -6599.6632911      -6599.6632911   1.1275702594e-17   3.0764236644e-18   6.1043068360e-03 elocal
   749       7166.6666667      -6481.8121609      -6481.8121609  -1.0408340856e-17   4.6078592331e-19   6.1035614266e-03 elocal
   750       7333.3333333      -6599.6632911      -6599.6632911   1.3010426070e-17   5.0076587842e-18   6.1034263844e-03 elocal
   751       7666.6666667      -6481.8121609      -6481.8121609  -8.6736173799e-19   1.8702487475e-18   6.1026805876e-03 elocal
   752       7833.3333333      -6599.6632911      -6599.6632911   2.0383000843e-17  -2.8595832299e-18   6.1022916098e-03 elocal
   753       8166.6666667      -6481.8121609      -6481.8121609  -1.7347234760e-17  -7.7927031147e-18   6.1015475118e-03 elocal
   754       8333.3333333      -6599.6632911      -6599.6632911  -3.9031278209e-17   3.7811550765e-18   6.1008793118e-03 elocal
   755       8666.6666667      -6481.8121609      -6481.8121609  -3.3393426913e-17   2.5885326868e-18   6.1001299629e-03 elocal
   756       8833.3333333      -6599.6632911      -6599.6632911  -8.2399365109e-18   3.0899761916e-18   6.0991662256e-03 elocal
   757       9166.6666667      -6481.8121609      -6481.8121609  -4.7704895589e-18  -2.1277467635e-18   6.0983969889e-03 elocal
   758       9333.3333333      -6599.6632911      -6599.6632911   1.1275702594e-17   9.6222942808e-19   6.0971319294e-03 elocal
   759       9666.6666667      -6481.8121609      -6481.8121609  -9.9746599869e-18  -2.5749801597e-18   6.0963227491e-03 elocal
   760       9833.3333333      -6599.6632911      -6599.6632911   1.3010426070e-18   6.9117888496e-19   6.0947621000e-03 elocal
   761        166.6666667      -6835.3655515      -6835.3655515   6.0715321659e-18   9.7578195524e-19   6.0928196234e-03 elocal
   762        333.3333333      -6953.2166817      -6953.2166817  -6.0715321659e-18  -1.9244588562e-18   6.0926116747e-03 elocal
   763        666.6666667      -6835.3655515      -6835.3655515  -2.9056618223e-17   1.7889335846e-18   6.0954428814e-03 elocal
   764        833.3333333      -6953.2166817      -6953.2166817  -4.3368086899e-18  -1.0570971182e-18   6.0952279977e-03 elocal
   765       1166.6666667      -6835.3655515      -6835.3655515   6.0715321659e-18  -2.6020852140e-18   6.0977541809e-03 elocal
   766       1333.3333333      -6953.2166817      -6953.2166817   5.6378512969e-18   3.6998399136e-18   6.0975402651e-03 elocal
   767       1666.6666667      -6835.3655515      -6835.3655515   1.6046192153e-17  -1.5720931501e-18   6.0997541997e-03 elocal
   768       1833.3333333      -6953.2166817      -6953.2166817   2.0383000843e-17   2.2903770894e-18   6.0995454135e-03 elocal
   769       2166.6666667      -6835.3655515      -6835.3655515  -3.1225022568e-17  -4.0115480382e-18   6.1014489491e-03 elocal
   770       2333.3333333      -6953.2166817      -6953.2166817  -1.1709383463e-17  -2.7918205942e-18   6.1012448213e-03 elocal
   771       2666.6666667      -6835.3655515      -6835.3655515  -4.3368086899e-18  -4.2690460542e-19   6.1028475421e-03 elocal
   772       2833.3333333      -6953.2166817      -6953.2166817  -1.0408340856e-17  -2.2226144536e-18   6.1026425322e-03 elocal
   773       3166.6666667      -6835.3655515      -6835.3655515  -8.6736173799e-19   2.6427427954e-19   6.1039601604e-03 elocal
   774       3333.3333333      -6953.2166817      -6953.2166817   2.2985086057e-17   5.0821976835e-19   6.1037436863e-03 elocal
   775       3666.6666667      -6835.3655515      -6835.3655515   3.7730235602e-17  -1.4026865607e-18   6.1047964312e-03 elocal
   776       3833.3333333      -6953.2166817      -6953.2166817  -9.1072982489e-18   2.8731357571e-18   6.1045533092e-03 elocal
   777       4166.6666667      -6835.3655515      -6835.3655515   6.0715321659e-18  -5.1160790014e-19   6.1053642989e-03 elocal
   778       4333.3333333      -6953.2166817      -6953.2166817   1.1709383463e-17   1.5551524912e-18   6.1050754962e-03 elocal
   779       4666.6666667      -6835.3655515      -6835.3655515   1.7347234760e-18   2.1616280814e-18   6.1056693515e-03 elocal
   780       4833.3333333      -6953.2166817      -6953.2166817  -8.6736173799e-18  -5.3108965793e-19   6.1053129452e-03 elocal
   781       5166.6666667      -6835.3655515      -6835.3655515   5.7679555576e-17  -2.8799120207e-19   6.1057144936e-03 elocal
   782       5333.3333333      -6953.2166817      -6953.2166817   3.4694469520e-18   3.6659585957e-18   6.1052667429e-03 elocal
   783       5666.6666667      -6835.3655515      -6835.3655515   1.0842021725e-17   2.7105054312e-19   6.1054998377e-03 elocal
   784       5833.3333333      -6953.2166817      -6953.2166817  -1.4745149546e-17   2.3479753298e-18   6.1049363104e-03 elocal
   785       6166.6666667      -6835.3655515      -6835.3655515  -7.8062556419e-18  -3.3881317890e-21   6.1050227250e-03 elocal
   786       6333.3333333      -6953.2166817      -6953.2166817   4.3368086899e-18   7.2506020285e-19   6.1043194526e-03 elocal
   787       6666.6666667      -6835.3655515      -6835.3655515  -4.3368086899e-18  -6.0986372202e-19   6.1042778582e-03 elocal
   788       6833.3333333      -6953.2166817      -6953.2166817   1.7347234760e-17   6.4374503991e-19   6.1034125191e-03 elocal
   789       7166.6666667      -6835.3655515      -6835.3655515   8.6736173799e-18   3.4558944248e-19   6.1032576039e-03 elocal
   790       7333.3333333      -6953.2166817      -6953.2166817   4.3368086899e-18   3.6117484871e-18   6.1022107401e-03 elocal
   791       7666.6666667      -6835.3655515      -6835.3655515  -2.3418766926e-17  -1.0638733818e-18   6.1019525783e-03 elocal
   792       7833.3333333      -6953.2166817      -6953.2166817  -3.5561831258e-17   1.9583401741e-18   6.1007088293e-03 elocal
   793       8166.6666667      -6835.3655515      -6835.3655515  -1.3010426070e-18  -1.3959102971e-18   6.1003526324e-03 elocal
   794       8333.3333333      -6953.2166817      -6953.2166817   8.6736173799e-18   2.9680034472e-18   6.0989019374e-03 elocal
   795       8666.6666667      -6835.3655515      -6835.3655515  -2.1684043450e-18  -1.7482760031e-18   6.0984483038e-03 elocal
   796       8833.3333333      -6953.2166817      -6953.2166817   1.0408340856e-17   4.6078592331e-19   6.0967869769e-03 elocal
   797       9166.6666667      -6835.3655515      -6835.3655515   2.8189256485e-17  -3.8218126580e-18   6.0962326979e-03 elocal
   798       9333.3333333      -6953.2166817      -6953.2166817   9.5409791179e-18   1.2197274440e-18   6.0943642467e-03 elocal
   799       9666.6666667      -6835.3655515      -6835.3655515   7.3725747729e-18  -3.7947076037e-18   6.0937036336e-03 elocal
   800       9833.3333333      -6953.2166817      -6953.2166817   0.0000000000e+00   8.5380921083e-19   6.0916391799e-03 elocal
